temperature,humidity,hive_weight,bee_activity,day,honey_production_kg,is_anomaly,anomaly_score,predicted_anomaly
34.993428306022466,76.19484349268802,38.624108625128095,60.921924421226095,1,2.967010915627716,0,1.6294964013812134,0
33.72347139765763,72.39706946330215,41.27740664642241,71.39614989220499,2,3.48278734635398,0,0.7915532873325338,0
35.29537707620138,65.4770429593614,38.03790039500019,75.86394466578356,3,3.409823516712557,0,0.5965677313956893,0
37.04605971281605,59.82450577835541,40.4601923518048,98.8768765734019,4,4.064612621098799,0,1.4069181657944632,0
33.53169325055333,70.58578650890873,32.53192666523107,85.56553124533758,5,3.0598522180176726,0,1.5695351938047737,0
33.53172608610164,68.147883083374,43.06646853686469,66.64518430900108,6,3.6000578286537386,0,1.1716328365610962,0
37.15842563101478,72.16154576022186,42.00602737681112,84.86036289417638,7,3.2250460440933804,0,1.085046086552057,0
35.53486945830582,70.08137441345576,37.914556844659046,64.52696011061634,8,3.044941439389459,0,1.3410917990367142,0
33.0610512281301,73.39642172255468,45.29622834216202,90.82691053887072,9,3.974305371676508,0,0.7629169815874988,0
35.08512008717193,60.718118307515454,46.68785068813279,75.28875348182122,10,3.955981768385593,0,0.9319757378857817,0
33.073164614375074,75.5391525250746,33.96220067815513,79.06363811260829,11,3.2746406128390464,0,1.3167896949695055,0
33.06854049285948,66.5807968375392,38.186376107168925,93.2579664754219,12,3.4840509290242214,0,0.9574026347314386,0
34.48392454313207,81.60208698100212,38.15428825106351,67.1283643141575,13,3.0484438282416013,0,1.498276057624949,0
30.173439510684403,59.486497455283455,37.30048449445568,66.02881814887009,14,3.187070984716511,0,1.3992182240705275,0
30.55016433497393,78.887710425322,46.14737420965874,74.16400673653995,15,3.740337020190565,0,1.2652331280681082,0
32.875424941518055,66.58328626770118,41.03086930613598,90.38378851019316,16,3.732148662998694,0,0.7274670045326375,0
31.97433775933116,59.78865597108441,40.67742579344694,64.80653924523158,17,3.2135786942678943,0,1.3187253327684805,0
34.628494665190544,61.12891332756543,31.98068817796624,51.67844401889431,18,2.7655519420561507,0,2.36897931345318,0
32.18395184895758,62.43722153444544,45.17709015104613,75.48841141591001,19,3.64692373978624,0,0.6841639688442953,0
31.175392597329417,68.39332757121534,35.80370802573264,85.51740799910921,20,3.454669238436296,0,1.0428658632797785,0
36.93129753784311,69.18268390428399,42.29966315133164,92.00261749738829,21,4.359709849752025,0,1.00426622441835,0
33.54844739902693,60.41039996849137,43.38688468979096,75.36838637914602,22,3.387459908685953,0,0.6447752433595885,0
34.13505640937585,64.80516326191214,48.80329297919326,75.88573392883998,23,3.586160217127773,0,1.3057981749013448,0
31.150503627573087,82.13816286889491,35.45589800440444,91.53900734255748,24,3.731798016306824,0,1.5524877930236862,0
32.91123455094964,78.82034536080569,26.90243922089587,61.3025830030458,25,2.4245573543563856,0,2.5643289182579942,0
34.22184517941973,68.49058935739225,42.91924772376847,76.1147922481699,26,3.6023922738091008,0,0.4140596119486571,0
31.6980128451554,65.3040278253456,51.00255590755427,81.90423889925057,27,4.008961426188056,0,1.6944326609339375,0
34.75139603669135,65.96025061374608,48.19473176469719,84.49218721285034,28,4.04010634397145,0,1.1982585661692011,0
32.79872262016239,69.90814378184334,43.04829707637313,74.90193306809117,29,3.958148363801372,0,0.5110889341714414,0
33.41661250041345,56.81765947841276,39.54181907183976,80.34441011705842,30,3.738570972660914,0,1.0080982377402317,0
32.79658677554121,62.94098770061324,46.03561298318655,55.1167264658701,31,3.5645257486095367,0,2.093915051319385,0
37.70455636901787,51.65132740897928,37.13226900147766,73.41751587666151,32,3.004672792758406,0,1.5305537957230033,0
33.973005550524135,68.19378498084224,44.3817888467811,84.53508712554468,33,3.679290493044616,0,0.5244686831740515,0
31.8845781420882,70.17756751762192,44.52735079583314,70.1770596574532,34,3.0409387824645173,0,0.8890810969490649,0
35.64508982420638,61.13450830160501,47.3010495374944,80.58984221589597,35,3.7985222587340246,0,1.040334868840181,0
31.55831270005796,77.59189410632027,55.79830019455539,84.46872500802698,36,4.64621327416602,0,2.541894595606481,0
34.41772719000951,55.19387469598127,43.96207983589383,76.57450799142235,37,3.828806182872718,0,1.172306688367797,0
30.08065975224045,53.28500095832144,39.45518187146251,81.70463770996571,38,3.5233557927044195,0,1.432216062388293,0
31.34362790220314,66.79561454847978,41.872128439040026,70.37267434715388,39,3.4700361311734995,0,0.983031676570653,0
34.39372247173824,73.37678642089723,33.15462047555441,77.93388720303953,40,3.074694434606048,0,1.4594981964953895,0
35.47693315999082,78.47142153166295,38.52643434455471,86.10216169589222,41,3.674547396026029,0,1.1816813164798576,0
34.34273656237994,61.32892589704848,39.95358780943448,81.56972960968434,42,3.778822272937735,0,0.5518874904864808,0
33.76870343522352,73.62944666745037,39.37955801032704,74.13468730436064,43,3.126181323473705,0,0.6920270229845227,0
33.39779260882142,64.69193224399434,42.76177436016861,82.24216404290793,44,3.836839462522273,0,0.2524521190910255,0
31.042956019265144,63.61898160047344,37.887900338089,87.14609790636618,45,3.794233509415359,0,1.0899679560596696,0
32.560311583210584,72.06927949989338,47.60515333662236,59.50058721422522,46,3.4728524691550544,0,1.7432040667973807,0
33.07872245808043,70.21858302730736,42.00103532459099,91.59074064955898,47,4.06279392622565,0,0.8240237606355205,0
36.11424445243783,52.388862744126,41.953498394306926,76.63745261318928,48,4.172212416349264,0,1.4559690749041678,0
34.68723657913692,76.81232279780717,40.36052641743541,84.2548993324023,49,3.675383383131069,0,1.0139016726057106,0
30.47391968927453,76.04073083317961,42.77595341929489,91.97246923645228,50,4.0216476625876005,0,1.292350125714786,0
34.64816793878959,59.99549838792377,46.125491323338174,66.28326302769534,51,3.477846730600641,0,1.2005867144719826,0
33.22983543916737,68.16642826749927,37.664348921445495,72.90558997572454,52,3.369877832498849,0,0.6707973490955023,0
32.646155999388085,68.95224149026191,38.70941755462372,77.11451304124296,53,3.5562770235463868,0,0.5197774897081227,0
35.22335257768174,67.08539012659125,40.48136985611668,72.16246478875571,54,3.494052730858159,0,0.7302477242112547,0
36.0619990449919,60.59755876923664,35.27064538263392,97.34936575836808,55,3.485960529907368,0,1.284716560278246,0
35.8625602382324,59.62701305649559,37.90371070139251,71.43227906173207,56,3.346477868187033,0,0.7886629362602373,0
32.32156495355472,64.79556743206844,39.618895632276704,74.44453220513134,57,3.745490262995536,0,0.6352208043862267,0
33.38157524829757,74.38183215407491,46.37194590356364,82.04389031602977,58,4.043018006884659,0,0.8761518106949736,0
34.66252686280713,69.34880123675546,43.31280664500962,67.97850473923911,59,3.71098259622156,0,1.064966555943598,0
29.63849058192752,78.33283786121706,27.250019527458644,84.88878973598489,60,8.178888849411333,1,4.1050760175263585,1
33.04165152430942,71.17358968518676,46.25448981083986,83.17453261250175,61,4.116611705919864,0,0.8553959985369779,0
33.62868204667237,42.2116590349594,41.31314105800302,76.67139595617489,62,3.6512253601336777,0,2.4851589471610676,0
31.787330051987944,74.19012560297682,43.95232424964445,79.06613141100051,63,3.566629995284666,0,0.8252255769924949,0
31.60758675183866,51.0822897697752,41.48389123533752,74.70667887551629,64,3.6081082077553632,0,1.5880988534753915,0
35.6250516447884,62.10047246877495,43.32681174699814,64.85529690819233,65,3.2488566763778075,0,1.3148246961010466,0
36.71248005714165,56.04264084299085,39.08620671194209,83.21593211339238,66,3.4649281223165773,0,1.0864735315027172,0
33.85597975683933,54.64254819423275,29.805914208617857,97.5493307164724,67,3.477707783787209,0,2.051252243791085,0
36.00706579578405,74.28661429902816,41.32860418906848,80.18401630783438,68,3.709488732328296,0,0.7584844006810828,0
34.72327205009527,61.25839038950487,49.1137406804997,82.25264117247549,69,3.855660643958117,0,1.3606577741249555,0
32.709760490789755,67.77203105384572,46.63107701120797,86.9272275511686,70,4.267993160728243,0,0.9219431908595372,0
34.722791211016826,64.62463536896652,46.82698742295585,67.306695034533,71,3.7946566153883774,0,1.1187116579150325,0
37.07607313293194,68.81632661778497,48.18065360903109,97.02514658129606,72,4.17782919362598,0,1.2587788689785149,0
33.928347921780095,65.61457512848204,42.44328795480719,82.02328796422802,73,3.4543966769528858,0,0.18191378075160772,0
37.12928731162801,54.73606220649144,42.98657853702798,96.3185689908911,74,4.015426517736654,0,1.218603882669928,0
28.76050979182051,72.97013455557712,38.91174052282825,72.66967004476011,75,3.2573967821825875,0,1.9017376011348803,0
35.64380500875045,61.0499473347095,40.41963571986475,98.18061922557824,76,3.990784211827903,0,1.3512172405249876,0
47.80448157415054,69.08026158794559,35.13051324874137,119.7986853833182,77,7.27687120605348,1,4.8713981812893214,1
33.401985299068265,61.5750787122727,48.01942218584408,85.53040085852358,78,3.704107607304356,0,1.1672793925580935,0
34.183521553071,77.00607832507448,41.302768621595,82.34024454353148,79,3.6324387187594382,0,1.033495583866198,0
30.02486217079821,71.80177393690795,39.74905367574294,77.5147138192555,80,3.4368717596665768,0,1.4520609035673693,0
33.56065622432497,62.21078292473712,42.002639794282985,92.00531658473872,81,4.062577088606986,0,0.857190036375591,0
34.71422514302349,62.20593836545257,45.00603374464558,81.40359869848047,82,3.731591474849443,0,0.634779775091028,0
36.95578808948303,62.42691959026094,34.78072591933229,60.32930296412847,83,3.251799409028867,0,1.6769064051651053,0
32.9634595634527,81.61398386848673,30.51909523431381,68.82813538292997,84,2.509823954878466,0,1.9252251381661558,0
32.38301279421363,68.05548361785243,39.24731575254208,78.14154247807252,85,3.771260264691216,0,0.6133664048378242,0
32.99648591283093,68.44033317752856,35.89643787042921,83.09998983165555,86,3.40192275510726,0,0.974988236221336,0
35.830804235404145,73.24226763225474,39.45929901176345,79.43411511100105,87,3.715256184922864,0,0.6528727765764816,0
34.65750221931937,66.91031327221211,41.26109840591264,92.18970789793664,88,3.9162343528729178,0,0.8719414307973259,0
32.94047959246592,62.927662833434376,39.733757954884936,60.48898135961375,89,3.413783428066275,0,1.6641320561375845,0
35.02653486622671,63.429201207320176,49.26233767235372,81.4358793650516,90,4.004096729345889,0,1.3869165332803306,0
34.19415509869608,64.42718992468748,43.6337238230116,61.82020774612845,91,3.196424710050626,0,1.5576333000328386,0
35.93728998106578,64.70222210792127,43.50237179805414,87.59712295484168,92,4.191789006643096,0,0.6507397527473845,0
32.59589381224529,70.82103634909583,45.11103572021701,79.05541285557997,93,3.799922852068475,0,0.6533348047249892,0
33.344675706804466,65.4155670864584,36.30583441109616,84.19609972024118,94,3.5369721667525185,0,0.9026432645884112,0
33.21578369373569,70.86112061772464,47.19555893710135,71.36117039410234,95,4.026109574483431,0,1.02169349370657,0
31.072970103735763,64.35426735913134,41.6211785673227,92.7946493165775,96,3.701290567316156,0,1.0792932148959975,0
24.76048331827769,100.91923042976552,29.10356368255121,114.9723149381512,97,6.7209073962824935,1,3.451760429810032,1
34.522110544359776,49.014394523743135,36.64071383479922,85.83544303011888,98,3.425544495606164,0,1.7972188539120018,0
34.010226913284924,72.33062139761985,34.23120616991968,78.7048275313656,99,3.2591207188615723,0,1.269253400111949,0
33.530825733249706,67.77190780718394,46.08944829012514,85.79857285295132,100,4.030207921974638,0,0.8262313062440005,0
31.169258515899173,72.98408087887722,43.882047630487584,72.93107432012651,101,3.3243720807965143,0,1.0450474967595147,0
37.91551937166959,71.7574418300046,23.11733719633892,114.84099931843924,102,4.7859500171638425,1,3.2331990023779,1
33.31457096694646,81.70699763824582,37.65168459362653,96.4948089432392,103,4.075840696698204,0,1.5088853555237212,0
32.39544546155676,63.88328297475861,47.62717392207385,90.70610559979188,104,4.3566735004320565,0,1.0979647142530646,0
33.67742857666798,73.86546253390013,36.05294053566336,72.70397530192591,105,3.240972903122919,0,0.9473324556952065,0
34.80810171362908,56.68075258299575,50.21336476627982,83.61417317273103,106,4.223495376334901,0,1.5549737132949468,0
37.77237180242106,69.90219124050056,37.496896326760655,67.06858456241352,107,3.119644288434801,0,1.3034007884789187,0
34.34915562566368,56.57267549461075,45.19195962804192,85.72390311175675,108,4.24190116454619,0,1.0328727280815302,0
34.515100781445526,60.00984831443356,40.35690762125508,84.50603412862539,109,3.662744540261973,0,0.6852818223229963,0
33.85110816846767,80.31225083093429,45.01593715541171,61.30183660467836,110,3.5217130899758,0,1.5991032425792508,0
30.16245756940192,63.474540793893226,39.27942998942903,68.38216156087637,111,3.522445335211412,0,1.403124036382741,0
33.94697224910156,66.73946298543778,41.186035469638526,77.16861103256232,112,3.446669419655008,0,0.3297535984602678,0
34.12046041988205,71.96054184551004,42.20459587697861,76.99140252859173,113,3.960611077121324,0,0.5232557190403329,0
38.92648422497057,68.96545510378084,36.98906272109264,67.90523064581194,114,2.8522006247724896,0,1.7138697933407794,0
33.61527807043775,66.20335124114861,45.70412172710063,83.88978729352183,115,4.285083039152406,0,0.758139770282296,0
34.60309468466723,67.9196880197298,39.43393216764208,82.51473608940512,116,3.5414252665331394,0,0.349873221408119,0
33.93057646058951,84.2273246819062,40.85700042329991,78.0573086802148,117,3.5547622098101304,0,1.7637584171461498,0
31.66264392476093,64.53904962373132,37.02825312695744,72.44208499841638,118,2.89887876132722,0,0.8695711620178193,0
36.28564562903004,66.60879237371974,29.188331706023448,90.48707126416564,119,3.155342610818646,0,2.160386015557688,0
35.50386606537355,73.4052351680609,41.04486118699916,96.55407113088296,120,3.7603245151085054,0,1.2210926046370865,0
35.58206389408609,73.84420746366388,54.063077108064576,75.16438516153463,121,4.069091650618366,0,2.2352611668909725,0
32.18122509041052,74.49624244448304,45.92302143949012,73.8783308284518,122,3.728067746289871,0,0.796821810578666,0
36.8055886218722,70.10984177623348,41.903698101328025,84.91207665411996,123,3.95692887482466,0,0.9595568766696652,0
31.19629787441544,55.85596069815613,40.685545853958665,76.41970620253014,124,3.576155065772816,0,1.1053519307080208,0
35.17371418760054,78.06745225840876,42.11232946406023,78.60602799336766,125,3.727535221874583,0,1.1408291240095705,0
38.38091125161996,55.829236855850496,44.73559557587605,87.39653151724671,126,3.721797418853425,0,1.5198325478564523,0
32.018927349738625,67.42108372191227,36.09593592345578,60.90643912492708,127,2.8269640342481703,0,1.6307352325901379,0
32.86740454079445,58.96579319984514,47.57160847334436,93.1830232485267,128,4.59065993771596,0,1.0881456747331977,0
34.19930273017528,64.48689322725606,45.57690657720622,80.72680524329341,129,3.744348199471777,0,0.735659422999938,0
32.993048691767605,67.63009928242785,45.59092862853967,75.8850685543782,130,4.118419939843683,0,0.7381372771222546,0
30.898673137867736,67.57085772360219,44.19237869404864,79.1076584577855,131,3.712146595460645,0,1.1412832781969768,0
34.137125949612056,68.37536603388227,42.09808328846995,79.62429355020518,132,3.696476363160182,0,0.16069771774334776,0
31.87539257254779,77.90969015246918,45.3643061798341,62.68798696555075,133,3.714802006074184,0,1.4882105419067915,0
34.947184861270365,68.62827441211184,44.95907066870689,94.94938227453235,134,4.391847814701021,0,1.092716718410916,0
32.1611515315324,63.04674691767481,40.22979644529488,80.41325632270619,135,3.579203951978374,0,0.6922730779927557,0
37.09986881003508,72.71269734630685,39.13199113551549,84.43002130447375,136,3.5365526840605908,0,1.0642199005013833,0
25.86646575562288,96.73555004121349,27.19272673796886,134.95919727193555,137,2.110374639396577,1,4.29352130910132,1
33.35587696758865,55.17913747890406,49.74510075747594,69.788375424397,138,3.944172821684048,0,1.472226198187838,0
35.627034434739336,69.77920055879886,35.804464621730496,84.73471899035229,139,3.646908003920129,0,0.9912409433332641,0
24.09022137619013,85.30180290042858,22.259103982221596,87.76847325929614,140,5.463273772090286,1,3.562761779478686,1
34.45491986920826,62.61949197312006,42.82380420618259,88.46770775216494,141,4.029772426264977,0,0.5741796152550734,0
36.614285508564855,76.00565450649296,42.25443850928009,58.727725796485046,142,3.5888055327622457,0,1.8050333547866102,0
30.785033530877545,63.79955530373979,42.866708321852045,79.00905699758731,143,3.767628813806081,0,1.1817000829057533,0
34.36926771706461,66.00461162777233,43.2197659895425,73.97179344216039,144,3.6990620623506425,0,0.5855005550413585,0
34.519765588496846,63.61542540572904,40.883988726825976,84.32262950634156,145,3.421672205565148,0,0.3206607012324886,0
35.56364574355462,65.12463238065175,49.44931719301041,84.70044187368202,146,3.6246922123228025,0,1.4199579168147614,0
31.52609857824384,56.22979930483839,33.995480107617425,72.92374105177974,147,3.2111849580449383,0,1.310908845618684,0
31.359086773831446,53.47959293924565,37.85751487609877,72.87826135823957,148,3.30506699245187,0,1.3456668246730128,0
35.0438831312338,77.75604050579977,41.48372619925476,78.89334631442671,149,3.538657869955986,0,1.1093369940448075,0
34.59396934646637,58.22430921345338,33.784055944229166,71.03357772684792,150,3.1526406991210223,0,1.348269872357993,0
34.50098570069175,57.068861204349545,41.12072797783964,88.41983695452127,151,3.807342535136109,0,0.9826949659166822,0
34.69289641899395,47.77287909117028,50.30735082864009,76.30792799552555,152,4.260153187279355,0,1.9227695597806238,0
32.63995055684302,59.88830601848398,42.10443244147981,50.93011780678359,153,3.127445657429888,0,2.4288457731009787,0
34.464507394322005,54.41528165274001,43.153504528593416,76.25177943378193,154,3.5286810841480563,0,1.2510434511970439,0
34.586144946597365,78.13612128109095,35.6991761741371,69.61456179156028,155,3.369421842863945,0,1.147773414868034,0
32.571297163947264,73.07853671474108,38.91819295980261,63.68724184539055,156,3.161941241548174,0,1.4082696672272004,0
37.73154902228952,59.49479723857821,40.12401809838032,67.62573361777427,157,3.4267074237860675,0,1.2888818511476037,0
34.94766584182358,83.01948644275447,40.41142451621883,81.0940847183297,158,3.53749412052074,0,1.6416133841308522,0
31.617393005594703,72.85412389593276,48.40821897501884,93.28640828248233,159,4.132347667357049,0,1.2359841564967384,0
35.31310721726766,62.40134893193102,44.788455303625625,83.1318447386498,160,3.90576223381874,0,0.5963312183008769,0
32.050636659545354,45.004754281011415,36.44271021531484,73.9349661178426,161,3.2839069284267848,0,2.202701661089801,0
35.57416920748491,83.32754058072594,43.232523892160025,84.55904195170703,162,3.9330307486406593,0,1.672765968668538,0
36.31719115801481,53.88342026589123,44.49110874248392,75.40909689781009,163,3.655836312838302,0,1.304828986834524,0
32.35863536329658,51.836810024344864,47.700745192606334,73.05399630836855,164,3.462431582676574,0,1.5117964990559392,0
35.92675225848864,73.18056345607712,49.90270343284187,68.45637331767016,165,3.7584403386929326,0,1.500076362871806,0
34.825561853873,84.51801925071419,36.924529040860655,62.48171193248281,166,3.246368765582722,0,1.7931554808865369,0
35.64412031998898,76.07418254808414,37.94571244394831,76.10076293440555,167,3.343384461837016,0,0.939255778602835,0
37.7935859653079,69.51127296041888,35.71211070542692,81.58053489920133,168,3.330003693099384,0,1.3109457695041646,0
33.50922376799426,69.75803473332229,40.829900704465096,79.0337632998511,169,3.814537840081407,0,0.30052282715611944,0
32.49252767128502,71.82732447024246,44.33179187223168,75.84033072052641,170,3.575926839283178,0,0.5744165922105935,0
32.22097114074895,71.07142871829411,46.93667258294551,70.54253939303219,171,3.431333484766829,0,0.9759453642352167,0
32.368379430069126,67.249531391755,41.620244881787386,86.08246191684968,172,3.754219052821956,0,0.618570873917973,0
33.84579658117179,65.83360883161501,40.40076238372578,66.82868080053416,173,3.2582349107589423,0,1.1569530283062273,0
34.68230394963329,64.49925497680383,42.7587899612437,87.76027913843475,174,3.6930727773838967,0,0.5175849832988824,0
42.12030036288821,104.52769800658926,30.25270331024997,116.64081703921622,175,-7.387244064556681,1,9.9522272315562,1
35.65436649807205,62.75459938506581,52.44769360847387,72.47564762646965,176,4.153655097421723,0,1.949804740552342,0
34.02600378375581,51.45634548643692,33.96169486440971,65.33214809384323,177,3.0026099549462293,0,1.5502717286334964,0
36.90706815431464,64.213282985642,42.92370289447862,74.98597853114363,178,3.678230248340905,0,0.9956488568629649,0
33.470686333524085,57.09127114279266,52.1180310961482,89.75312458477978,179,4.758352449541331,0,1.891549668187084,0
39.44033833317924,56.17128546227383,42.03399922279999,85.15628088443957,180,3.681846423185486,0,1.8966259792369962,0
35.25133469553001,66.43915320922783,41.04980482499253,89.78422112028035,181,3.8913310436288673,0,0.6795013227571598,0
32.285684887167434,76.1360182907568,40.21277288594786,85.22142545933936,182,3.596081329836028,0,0.9455090404929218,0
31.85821500387777,72.3465328480185,41.09804159118796,68.96330171469631,183,3.243478319914708,0,0.9861823206216895,0
34.964944830486374,52.43599517101458,48.86424237338265,76.69210775672443,184,3.850423294815204,0,1.4512027149299713,0
33.5530744293483,57.0829749074373,30.940690443352462,72.19800870882537,185,2.890773726333276,0,1.8507245246807795,0
35.42800098818418,72.52616950390572,49.66716850648163,93.3057490403904,186,4.407088555759473,0,1.458454693234991,0
34.94647524914709,57.140100851693525,34.88021423774927,68.03211353573688,187,3.565003387450882,0,1.154566377646686,0
33.85434217468625,63.202934800023804,40.66673835382792,88.93697689389111,188,3.6674111900609137,0,0.6117213740261143,0
32.30641256386319,69.40041679219641,39.85377789850669,88.9295387010877,189,3.671018733462628,0,0.6406098689144655,0
30.97030555062827,57.25324436109092,44.9427663488536,98.29620201716088,190,4.170140810669931,0,1.360463919869207,0
33.10697009586596,65.84300404916767,34.00937824058126,75.90313407370503,191,3.288761064203773,0,1.3084528892655072,0
35.71279758864694,54.32779604065436,44.31086333040972,87.12322159580162,192,3.993589784941006,0,1.2598906069089462,0
34.428187488260406,60.18905884839029,52.12154811643426,102.81651836538842,193,4.9149450570365,0,1.8921711652139348,0
31.508522442576023,67.55825547314029,35.18412997703595,73.82358323066303,194,2.725484973783777,0,1.1008610495516424,0
34.34636185170236,52.25605013174665,42.94853083805198,64.64959752467641,195,2.9595688998399687,0,1.4694000132517708,0
34.77063475945767,68.52379790368319,38.69008911101695,61.19989966092236,196,3.0516204667726883,0,1.6072582474838302,0
32.232285127597734,64.84289760858655,44.12943603096518,87.12712028861331,197,4.1507970961052445,0,0.6669738646590287,0
34.30745021189106,69.41991963533718,42.09573888707876,61.168497919414165,198,3.011952794302191,0,1.609770402023451,0
37.89643414634733,102.52180843011836,30.327676610235528,113.16441298104088,199,-4.151821051791082,1,7.030414686277571,1
31.714059404338755,75.91312343979075,44.43936142435537,84.37313187038961,200,4.00080718391279,0,0.9229683574381216,0
34.715574720696566,66.00179602118325,51.021740548933714,81.85175536829914,201,4.229697832346246,0,1.6978228027610347,0
35.12156905273647,61.564755670997975,41.04548104136351,84.25444864184172,202,3.5081056530177595,0,0.5280387377385286,0
36.16610248635055,65.97838002425827,45.59878971074091,82.22289855800854,203,3.705628511689525,0,0.7395264187303545,0
36.10760410406981,69.3463842322911,35.53363521064418,92.78865813313394,204,3.4174301382272545,0,1.039099545241532,0
31.244661264085817,65.39088056260563,37.21781811590996,70.47683619261203,205,3.2649813057833845,0,1.0182299264714751,0
32.12434992016976,65.32473352963106,44.362031389401885,73.23004861541469,206,3.5386829857434843,0,0.705361855566056,0
35.03007053441732,59.38406649754596,49.42058014267983,72.27340554729176,207,4.005009196530757,0,1.4148797569270577,0
35.027571901824416,59.69679265959242,43.7780667439283,88.3019181186261,208,3.373740647969815,0,0.7169401951553154,0
35.030095372612095,53.77915782560245,40.43470984738423,89.00398588395063,209,3.620143883296543,0,1.3153727325104956,0
41.705462981309445,78.99661394549551,41.99645702711677,84.51225319318507,210,3.487802493224235,0,2.702235070725821,0
24.97676482925663,71.01667994713188,25.84604239527051,127.70743140363427,211,-1.3271003815705873,1,4.479494989349508,1
36.2711312803612,59.45675841763274,45.02257663177684,68.2195913262362,212,3.4851997936119257,0,1.0456795121403653,0
35.908003526986406,59.25274187544642,46.41166531161704,96.67224111551135,213,4.394516808600368,0,1.2305462606788584,0
35.3027825026116,72.15939501555553,39.7395483358346,95.23238621712258,214,3.506729961776054,0,1.1153571709769947,0
33.36946151071931,62.64040257366378,39.64978926120249,87.35621997245747,215,3.732406772882618,0,0.4852600541919975,0
35.51793844098653,74.98193658138987,43.32939114826024,97.8179890877106,216,4.2193172393997,0,1.3222066537455994,0
32.454349570924855,59.612075006049054,39.81640131979702,63.43376792322226,217,3.615368407475936,0,1.4285477038476952,0
33.52636278651998,67.23195329779041,41.66933692687089,74.75551863737348,218,3.477487652737519,0,0.522802159589127,0
33.029272904341795,58.31722357392194,52.49860894583258,72.64696539318048,219,4.133054205069159,0,1.958802053111202,0
34.163748278772644,82.1611930221871,40.76487149627002,87.21479323757343,220,3.42012939826477,0,1.5548167628666996,0
38.629317133347016,55.4992126477639,40.20829923989389,69.49859260397855,221,2.8757024018781907,0,1.608180019976277,0
30.265469614816503,67.47856568181622,38.76229097182421,87.57495149337485,222,3.821223149763212,0,1.366487006103921,0
35.37252038074903,70.07021504745678,45.720959857499686,93.70536143996712,223,4.145317959137223,0,0.9931944487266063,0
30.774568257620697,68.31039277961199,41.09387913390948,86.95202900084,224,3.997182757248166,0,1.1854221382405852,0
33.056136268421135,63.51769872897833,38.75313480839287,82.83751023661502,225,3.310287730042205,0,0.4701777690782511,0
36.17790119393473,63.96143440213259,48.60652016136506,70.1212665909925,226,3.9149527558545065,0,1.2710262056494293,0
34.128560038190926,65.35049177583288,49.09801502256818,71.53149033874635,227,4.258008525630198,0,1.3578788735628942,0
31.844510444141388,63.82398398697209,38.99788217130647,92.49618905296668,228,3.862204115737524,0,0.8964600717369035,0
32.569392581480066,72.71103293435928,32.66730024319692,87.79349003905332,229,3.430245039873923,0,1.5456131605559527,0
35.35919549786935,82.68418401273081,47.03756844918461,79.60980480622456,230,3.932193779769898,0,1.6077052621176653,0
32.53926673656573,60.54006571993733,38.57685087119998,75.8209045423411,231,3.116477010347296,0,0.6316625375535165,0
34.43291717916395,54.04157616336738,45.95312799581384,59.74192126888623,232,3.759280240518847,0,1.7238972254610978,0
34.09114367980763,64.29374361318996,32.14948091144082,69.29147581315561,233,2.870220597076064,0,1.6371176583854814,0
32.696799304788364,85.63767470123454,46.46298669149655,99.11419087139724,234,4.393297796327259,0,1.9063828548315898,0
38.287888178650654,58.57060345624216,35.9441403535961,67.19544428997533,235,2.7856301603785543,0,1.4867481728468186,0
45.40683333515319,109.62384570854138,37.41547569360424,114.71062227407184,236,4.683038710814477,1,4.332031881853356,1
29.949714826684787,78.42160651261153,42.07136533918217,90.07443973195198,237,4.151571689709443,0,1.478787637422386,0
34.372908629538856,60.57129406633605,37.23030290301678,67.45077331997707,238,3.1373410674634234,0,1.1071853252514572,0
32.67642707046323,69.5518646334822,39.9648184353661,81.84710474781083,239,3.912602382637663,0,0.5090113492719358,0
35.70486666959245,78.0271729850283,45.43159228478351,89.37915537510655,240,4.026467923233679,0,1.1367558027506377,0
32.4149585231346,61.966978072100105,42.529472265576175,80.12499321907251,241,3.3447435083000334,0,0.6020046593929463,0
33.7705271170662,63.37135711918111,44.92206490236242,108.68403055666768,242,4.595902647368481,0,2.191495237527541,0
35.00997455796092,60.34655268841085,51.88220292257743,63.31400741121804,243,3.732312085222502,0,1.8498761784711522,0
35.73151038834024,56.88194615445707,34.17879194144474,90.5872852988388,244,3.643107961869019,0,1.278515583583269,0
31.59940718588845,59.80577963947194,50.08606287484312,78.27198262603535,245,4.050779041629764,0,1.53247803780682,0
33.3309975283181,55.20847786590195,42.52177968761607,87.71920154836675,246,3.565159345042745,0,1.1708299139005955,0
33.05010937767809,65.27266774607381,37.50607975838436,84.41307151699246,247,3.5869254651099625,0,0.6905464172123739,0
32.69334153485258,58.84021415153087,35.34843187130505,72.66843802890003,248,3.6469683979223393,0,1.0718270575673188,0
37.5309084805622,66.87028729432598,41.054398046114834,82.28996392459341,249,3.76180738769488,0,1.217522491445171,0
34.809963421921914,52.55283483037098,46.6082505596223,61.42098548601713,250,3.5392290528811463,0,1.589571274326223,0
31.47823209132991,67.64704185771566,41.36225439811233,86.03247500571393,251,3.9786132213245744,0,0.935158656159824,0
35.83572389410955,71.6682316928714,49.55577465123674,82.98158465990525,252,4.161196879859469,0,1.4387701465980185,0
38.24431239402527,49.05011485942836,34.744121549742204,86.38660168643102,253,3.464401833328037,0,1.7936065642525407,0
36.06493052110229,67.99245255878057,41.93955526076973,90.5811832508715,254,3.6696270884130735,0,0.7432586794549635,0
30.96126006809197,74.82135193978634,35.73803277793441,83.67619840209711,255,3.476807812777502,0,1.1190237526390165,0
33.0315318542675,55.32287185047036,43.81815941312484,81.48089419798276,256,4.017929856441961,0,1.1592615957525685,0
36.533822298373245,78.38057909470163,46.4344369504865,71.18931663338708,257,3.552957526788329,0,1.1724946952071085,0
32.58466106876244,68.35215207492836,39.89619103159473,72.87779236350949,258,3.72311117378694,0,0.6730211715449175,0
34.887638856292455,59.35990515393273,28.97893071686433,91.86734620177332,259,3.259075866486733,0,2.197389524663904,0
35.54926810685868,64.55384737873835,42.99474073398248,94.36335405705978,260,3.8439575344640247,0,1.0458341769924648,0
32.14613905684384,69.46661530017379,44.18369275866755,77.61889563687946,261,3.9425503566234537,0,0.6976123806685834,0
33.8809492878764,65.6080431312993,44.02147377480849,80.46002747253274,262,3.75172488392219,0,0.4607969588885753,0
27.517465319861856,69.31004793957095,48.17891095911077,70.95385625006234,263,3.915100303652626,0,2.343835976851842,0
31.95122471733142,57.63461125536507,36.64473160175476,91.72756845267445,264,3.587948469862834,0,0.9254823720280917,0
33.49486369721368,66.35488659228862,45.40108052725225,86.65416823691778,265,3.986120799367124,0,0.7045889831385574,0
31.504433636070303,53.69028402476016,47.96253756238988,99.4121743646375,266,4.4601267426398055,0,1.4497422485272757,0
37.26482260786327,64.1101915092104,33.10706207996742,71.21676922820261,267,3.105219674001792,0,1.4679022997006659,0
31.13971724407873,57.76873886828168,43.59825912959489,76.21992100981782,268,3.276602193026541,0,1.0555540784491078,0
33.11991102660603,59.115760459281866,39.47910084496164,82.31445922525572,269,3.3871945890003787,0,0.7756982266444711,0
34.26148115457218,74.8887454016835,41.592386634491774,86.4648953772577,270,3.992184424682185,0,0.819376100438019,0
36.88254657813223,73.73048096475415,43.73838241769168,77.84332362452368,271,3.6885328098134256,0,0.986927568731428,0
31.12827569764112,69.87310496725742,39.56385717943224,71.270389095463,272,3.270137137302999,0,1.059623352887687,0
36.32632750430992,56.261497882619366,38.62145960419194,88.81407528923572,273,3.4123764078997176,0,1.0643411801128244,0
34.020466122039174,62.46873240244158,42.17076208744013,87.21135362545581,274,3.636613251405562,0,0.4736706762218786,0
32.0369826979041,74.70478159983347,36.56377030568599,70.83725899436276,275,2.820943794158206,0,0.8570630920085082,0
34.92420694852654,66.13373530911923,36.57087435557408,93.55442801105497,276,3.670134064774231,0,0.9811197012632146,0
34.39811939114694,83.55463631985356,45.39686641478252,91.70198709196605,277,3.980214352550768,0,1.695731474854911,0
39.36332038069198,91.0583246891806,23.71609094092797,116.2938097322074,278,-4.484399510336973,1,7.330756220795553,1
34.13960416998004,66.53639293192025,45.331562504546056,80.79597862376036,279,3.867476970969119,0,0.6923043669264536,0
33.22937280627648,62.52706828637999,44.31295646426975,85.54057771115907,280,3.9915472316699816,0,0.5123052272931161,0
39.190721564722,77.82947386333211,18.07828402019936,102.26278490369826,281,-1.6472666556761515,1,4.768627455974677,1
35.3242613490421,63.78024130895565,38.61217673832172,80.30031479164082,282,3.2209958353458386,0,0.49508664486922943,0
37.17203363229071,70.66486941350873,47.97054701523686,58.4761645539082,283,3.768206514177205,0,1.8251583761128027,0
31.5243690023463,72.65361853435667,37.09417234430159,88.76455645502935,284,3.799863748542145,0,0.9187497070988104,0
38.266066749312536,58.7120843159364,39.67797868845306,64.3850677755814,285,3.073121074565816,0,1.478987212813745,0
30.095824400955,54.35013637153777,44.31030446625948,95.03419828429,286,4.11780462392553,0,1.4268226378437496,0
33.69642980992883,50.31035701517363,45.91695254641298,76.6987990603355,287,3.735261256759125,0,1.6661620814309972,0
35.17663441296915,69.06393061530035,40.74230556977752,77.88333018068823,288,3.620153254056697,0,0.3802067197612818,0
34.561983735470065,56.173067150609015,39.0124490265418,73.72266093915495,289,3.7212820354363982,0,1.0732839129481064,0
32.754600960358815,47.77687525638014,49.11184930849254,77.11961126077924,290,4.106651946770063,0,1.9223654396628214,0
33.58375549928545,68.10862883624772,50.6944983189879,94.18531345148035,291,4.515990414618545,0,1.6399954215038375,0
33.01399813068233,84.94399613946233,46.89429025390898,55.1219134346492,292,3.351230898704328,0,2.0935000913031745,0
32.82127048611158,64.95143270768085,42.42659071282512,92.76965386088187,293,3.6681239847351423,0,0.9183373889058036,0
35.699204194042046,71.70792619561314,37.95867139179537,83.38023481101708,294,3.506852581761608,0,0.6105683870436832,0
34.71403097193009,65.65463486838053,37.847777967217176,67.92978352142785,295,3.4851658900428983,0,1.0688642769814092,0
32.61418080947869,64.20888277447087,44.61257052632879,69.24687606950762,296,3.296274284483449,0,0.9634962348014723,0
35.7991997508665,72.35261186390215,44.091991104443416,96.76393027208204,297,3.910868289519807,0,1.2378814376419864,0
34.614599041753216,62.67780364649079,49.00799296473215,70.54493120057269,298,3.880405829077343,0,1.3419709638138893,0
35.62572423767792,67.13913851257523,45.25225046268069,68.46649489404041,299,3.418754221668612,0,1.0259271070533422,0
26.970895353024275,88.87538013992777,24.222583400930176,117.6630799420236,300,4.269130653306328,1,3.037889571603787,1
32.34200997815586,59.65527637085561,47.25973808861459,83.38552876285914,301,3.929397863123836,0,1.033034671353275,0
32.87963791960606,72.93633879629218,37.00969686342793,70.620744234636,302,2.978572626222148,0,0.853586115741143,0
35.49458721024652,63.60032194643673,40.08014364023824,82.16624975404619,303,3.437561935747097,0,0.493289090023949,0
35.22074053086693,58.95403872405724,43.25100103125848,69.74247316359723,304,3.6858776928836607,0,0.923848227081422,0
33.958196812071705,69.29207874856323,51.978337448919824,91.00821398422605,305,4.157189163805037,0,1.8668642301284895,0
34.23465476661757,57.8122561456717,57.549592780026806,90.61370964873132,306,4.367832857410823,0,2.851367685463272,0
36.55532979157685,65.22544925895302,45.03361529568092,85.32006198821944,307,3.806523710725888,0,0.8705503890674433,0
32.81685722232834,64.92704802684638,41.08401690639806,83.61661061247017,308,3.8610927302945592,0,0.4590662801760355,0
35.094194762340074,73.68716452665262,44.67252824240275,97.61188124867374,309,4.135537727870833,0,1.3057179267317585,0
33.59561469513221,68.79758586303963,46.43827712936918,79.99686327388225,310,3.824891053274303,0,0.8878732840651722,0
33.56463759354556,64.79978433003885,40.39666187221404,68.181258745792,311,3.387976403965119,0,1.0487461371539222,0
36.19755370397438,71.54213039360229,50.97605677956161,84.49473912832306,312,3.867580597932868,0,1.6897499670845881,0
44.93968735537381,102.7831618894434,30.06403844717552,115.53948758552744,313,-0.0670662581525292,1,3.852511971298066,1
35.62701927200128,69.4624824508149,44.48871544545697,69.85240506814148,314,3.681900687196394,0,0.9150536214389958,0
36.61095761430866,65.08282095874705,45.32962126027231,76.38537233306015,315,3.686217238712588,0,0.8903348542488476,0
34.04200768326552,54.50531014119872,44.10793305307228,84.16446038101452,316,4.089450685800533,0,1.2419391420779444,0
35.36390594258993,56.47909069539702,46.19470250234807,79.4609515099426,317,3.659815876099749,0,1.0423366761659352,0
33.37946648681309,62.55820236516266,38.91373406726538,70.17696419622686,318,3.568602450806652,0,0.8890887338934376,0
34.64833270497689,60.12390238272573,39.20849123026985,91.21857856230471,319,3.809211538828868,0,0.7942506132855092,0
45.1194089799079,80.3666922117533,22.432551600549036,123.6110803702694,320,3.1609135748987547,1,3.9164313563885598,1
34.19399192998544,65.45319939917685,44.19750615310113,81.96131459023907,321,3.8431869530863216,0,0.4919038592871733,0
35.19031405087383,69.23754203485385,45.89468251756057,70.95931710264,322,3.6805643742599017,0,0.8265001222102872,0
32.36355863353305,64.43600977552727,44.28886433075943,64.51039474946525,323,3.732343277146151,0,1.3424170359572625,0
38.18477455137092,68.89201315060961,50.37246216673769,82.5797598122118,324,3.913034733573209,0,1.5830880127080444,0
31.987965237000594,65.51579531848097,41.972019905854765,91.03877343316258,325,3.746752268496676,0,0.7798661158109471,0
31.571622774424537,49.19626746916903,45.34370827796256,84.75167746495381,326,4.145195769355946,0,1.7788265922634245,0
36.316221747000135,57.485316849449966,36.54149561930343,79.97596159081147,327,3.2843248082746275,0,0.9405800643749633,0
35.583325387925875,63.84729955422708,40.06450148762799,74.10728348210694,328,3.649644105610598,0,0.5746612861799083,0
43.02493934680417,85.28781883767657,32.76688478409587,83.05423136829789,329,5.503647917132378,1,3.171517040230078,1
35.25669101852856,69.79942983996963,46.24551055371572,88.34751326324883,330,3.986299877377149,0,0.8538092628482193,0
33.97550645430617,77.24600665874958,40.53016526167909,89.13771621385585,331,3.945290117219194,0,1.0577588115800614,0
32.205491257028335,74.75009481357853,41.64200374070967,64.54270213309266,332,3.1242706859996487,0,1.339832429609182,0
34.151609116387455,63.29245703255834,34.41063126659596,95.89838978180684,333,3.7879299274156217,0,1.2375469682301994,0
32.645676576975774,76.92580909479962,40.21485399596696,85.74071220894001,334,3.751898506944259,0,1.0253781990507267,0
35.950239466835505,66.1893396576169,46.45191581759893,93.99594645145794,335,4.277619981672793,0,1.016441390478924,0
33.70588523699572,62.303312231055685,44.876025080532834,66.57872251514885,336,3.4433201422924973,0,1.1769498122802173,0
32.34900560641498,60.09277869167248,44.503328606906045,66.34175844584561,337,3.20327497221293,0,1.1959070526699498,0
33.35722831669401,62.580242508094976,42.2488684359048,78.51030690232703,338,3.776872255958622,0,0.42534562104193746,0
34.82586290855125,61.89458545167017,42.03531579314088,85.02784426895194,339,3.381383415454679,0,0.4946840482248672,0
32.87255089439205,66.3633297790039,38.69839430263277,97.96360822926964,340,3.819447290212445,0,1.3338562556451536,0
32.355559208867135,66.28459184839892,45.49414210101267,87.06078913815132,341,4.187714853186326,0,0.7210340095250657,0
34.48737442298383,65.02436816122731,44.10486472194695,77.57318723187967,342,3.79021278367971,0,0.475533076822905,0
34.489933142217446,68.4955053579708,44.46009423996399,69.73630792334107,343,4.00250006800081,0,0.9243414492899197,0
32.98611364925774,74.52517019829074,39.3698257866621,92.3000057271915,344,4.009374370885867,0,0.8807653105939472,0
33.05792338876336,72.59643308353058,31.23328540064378,70.35294574249285,345,2.828522741104565,0,1.7990197060453,0
34.464099874715274,53.12081625240077,47.48576355876848,96.2846855477232,346,4.300803566116023,0,1.381948827377749,0
40.02723662368153,55.88728377953135,32.99855440838083,116.07532263220747,347,4.16843963124953,1,2.782802185786534,0
31.18507245124689,72.4745592899142,37.6861211797844,95.9058207261785,348,3.457837845356033,0,1.1692322580838819,0
32.56311155749513,54.06497041267663,45.46739455956997,86.78931290059279,349,3.8067073182684346,0,1.286469368837491,0
33.573105696576306,63.20187678485853,40.03993680040436,78.63004510557542,350,3.4581766177015174,0,0.36248162419410584,0
34.62181513119601,55.63909579152512,47.29968192023311,74.80603628173873,351,3.447642569763283,0,1.127282823704841,0
36.95071243389911,50.58415649935984,45.08502974788349,76.59092122653921,352,3.766061481236296,0,1.6384735665691197,0
35.71531924640404,69.3317018256383,45.41784661600239,84.28316692375238,353,3.889588107880518,0,0.7075517395239641,0
33.68012294007315,71.07324128242118,35.17022144399733,80.77156496217717,354,3.0361648205818264,0,1.1033188437149628,0
33.961967584194625,60.387916794186246,48.059719926932,74.06188591931294,355,3.964685963630272,0,1.1744004564809276,0
31.994941270724382,44.27166166284072,43.30625265616928,78.34368589682367,356,3.855310312390373,0,2.2768371033594694,0
33.96297372801522,60.63004441398014,40.15361430376898,80.7857702971915,357,3.668432754185409,0,0.6225632639933,0
33.42268272215972,68.13443204322037,42.716942336711256,58.71265905585188,358,3.239513490132404,0,1.8062387013394128,0
34.64543712067618,53.16870744980697,33.1188238355084,84.58168114788698,359,3.459408873876769,0,1.4658238652576698,0
32.345538112895355,66.46687935823324,44.04326405740336,70.20278775283194,360,3.725718411151098,0,0.8870228368495535,0
35.03869302848234,64.87752120661604,36.85314245908964,68.46667596794255,361,3.263084425972448,0,1.0259126210534129,0
37.06547782600516,69.63433199680871,35.23664857078233,63.1265565288929,362,2.82878633076997,0,1.4531247642851317,0
33.78247970308629,65.95664294731323,34.38820406891055,62.0610750213211,363,3.0137766540050483,0,1.5383638012802512,0
34.80342344419788,57.21544847294756,47.563441874949625,66.44552496887711,364,3.93814448884814,0,1.1876056805366182,0
35.38028798342223,74.57257201331593,38.85368303153606,72.9097904236951,365,3.2677512684941363,0,0.7874024406308611,0
33.19755905622833,63.73176341578424,49.6686385495825,99.53259137526568,366,4.8856472133732085,0,1.4593756677380603,0
34.44818496362083,64.78156368392054,39.32099268473851,74.74120324104796,367,3.3512656626246,0,0.5239473982331767,0
34.02518480156359,57.53385632741443,33.463210212035264,81.77750106268032,368,3.314940086507761,0,1.4049669205457938,0
34.19535219709766,61.45374199046792,36.4173778002567,84.00481386506328,369,3.3645145261418574,0,0.8829322936273137,0
32.453980432289065,57.92157828778479,48.179058100034695,81.3106518621585,370,4.064359913751848,0,1.195488853402345,0
43.60199740992525,82.8104810153849,28.47344205240835,100.1609702045002,371,0.850531009390608,1,3.3767522012844693,1
46.73425215998378,87.10654598187355,28.6293138938684,93.58977197205806,372,-2.4253456813020366,1,5.471287061634282,1
36.902287215590086,54.024790856549146,42.80009112926394,94.50927548279212,373,3.782742953893425,0,1.2905326059918125,0
35.91854165217041,52.09150881698607,44.50891368083772,98.07196643637886,374,4.194767265826218,0,1.4860395794389831,0
38.30636491502311,76.76936261994886,47.5869940795123,63.17341305877314,375,3.798643791102629,0,1.493319566970749,0
32.465304874223904,63.32541058278507,49.24249614946463,69.7597140911362,376,3.971173375461105,0,1.3834103131050768,0
35.74464127344136,59.64741809072067,40.20115677105457,77.20189657622994,377,3.0623174851711354,0,0.7219332961761866,0
34.36668401147671,73.31923749916861,35.36976156958981,70.35462205089809,378,3.5803276099682613,0,1.0680578600679067,0
38.37960586643534,60.155075682105085,39.93267419438362,85.05965553455866,379,3.713086749870176,0,1.519368277524356,0
32.3834034292897,79.60807770837549,43.30140253291443,72.71727797593387,380,3.447949892358696,0,1.2966279225163586,0
32.32055631563845,70.42340697071415,37.18120536894695,101.65056067806604,381,3.9067026289632407,0,1.6288142384433921,0
32.80121470911195,61.09670873483438,37.21424542552479,91.90548594343596,382,3.7220721017366167,0,0.8492035366880973,0
29.752208551380384,82.25846570612403,43.718939407749424,82.12574030632214,383,3.6526141186374055,0,1.5646536555944097,0
32.948489956638475,60.15428061597329,41.75673824214775,90.26986263319732,384,3.922302397806134,0,0.7183528791583919,0
32.48173467689261,70.93676297607446,42.163984977057936,91.05900424357309,385,3.792702222969223,0,0.7814845904487216,0
34.300787572952416,67.39434064325194,38.20752332649965,74.36052511941757,386,3.313706394445805,0,0.566593452307668,0
34.68351195155432,75.41393031519038,40.847996428971165,71.83782755458036,387,3.335065425873606,0,0.8724864644918079,0
37.752341678431776,77.49208957381482,37.37883427865848,80.78143062969647,388,3.1605126517946047,0,1.2962769200407125,0
35.9008476763721,65.25603319252613,46.450992055623935,88.61636124497944,389,4.105035644960141,0,0.8901201544899106,0
32.846192688675195,58.97265703723053,47.17624667361876,81.39060398653417,390,4.092146227601641,0,1.018280799618976,0
32.20317065730328,68.67977714351294,32.76906068880953,64.23003517809002,391,3.008062163790584,0,1.5276309457106463,0
34.98383834301301,59.57827704198315,37.35244569903795,71.97175556049157,392,3.461204063258646,0,0.745504554900287,0
31.359533585958715,81.10709798021298,34.51735372454961,79.26027136405622,393,3.3495364913711656,0,1.4482193150216847,0
37.66291753170871,66.0922826486619,38.74988032796551,79.2433439567417,394,3.379186620572641,0,1.2644725309717921,0
36.35888024144258,62.07742758950313,41.58281015104819,99.72542176789808,395,4.217992913382184,0,1.4748021926045833,0
33.06164869579059,66.47744244691927,34.75177390150735,66.14012057601002,396,2.7795040855850868,0,1.212038179981303,0
30.573730941818244,54.22298968376243,37.39070093437344,85.05589241835875,397,3.3562559280015334,0,1.2704893572281686,0
36.707744748330825,57.22708769191479,36.98021313959251,94.8911310832829,398,3.526915816877326,0,1.0880565948793144,0
33.77092030949476,74.6033112635554,43.03633664699472,102.71449745422797,399,4.4198271963571045,0,1.7139296961770623,0
36.47563262394692,59.74484576822884,42.34672168518125,75.95602576816039,400,3.800257976210816,0,0.8422054753067016,0
30.811144682411268,56.62471213854448,38.39131223331373,84.914294527202,401,3.683423996442839,0,1.1724134500124275,0
32.801249954092455,69.2932220202183,42.88410436069699,85.69760357198646,402,4.060555762057863,0,0.4646171257749789,0
34.010487399436364,74.48563323730397,39.26659957706367,81.9548173155329,403,3.426464894687081,0,0.7786105847994472,0
34.09396118752949,70.75162648532053,40.641724448369736,79.01154798760695,404,3.681096594267527,0,0.40100176002778104,0
33.09986905704151,72.96838148644653,50.36726045149268,84.35975389500047,405,4.171521905368426,0,1.5821688111407093,0
35.245699864695,58.94563929144432,48.70230525895174,54.677539147803145,406,3.685585468033683,0,2.1290502496184263,0
31.86475914123481,53.62551466606525,35.50209381536201,86.82069490062631,407,3.467121333682535,0,1.330910201176354,0
33.71524102995741,77.0106692156439,46.14866208939587,81.26177903661967,408,3.852832517819745,0,1.0339598467633266,0
34.240591263423795,62.41856128926291,46.05698277245796,77.77525103221734,409,3.964129950345205,0,0.8204942842582886,0
35.028877668117495,62.99333586835962,36.25868355623691,100.46862195719558,410,3.9872516737128287,0,1.5342585679429797,0
35.42322975617778,75.62555313479247,46.0938882187743,73.25065981209448,411,3.621806270649466,0,0.8938872410603993,0
21.137341706029183,91.84165181786254,32.88480390340699,101.07233563309109,412,-4.183338335028516,1,7.058876990338863,1
30.93177165852876,68.64710217665287,36.38727596877793,99.91553302204734,413,3.5753040487368004,0,1.4900111850746147,0
36.55535364379702,82.32001875920866,37.41248589492868,71.67938695150143,414,2.7790462938399045,0,1.5708783299402853,0
34.66462802395918,59.85185415695886,47.08830733421751,74.4988471706346,415,3.8778379561667218,0,1.0027409296336618,0
32.50302692688689,72.4227210246499,43.35747655412824,78.5297457656915,416,3.845280083540037,0,0.5706824507920563,0
37.102303951045045,65.45610499917667,44.757381376197614,88.4073448212955,417,4.027406287542686,0,1.0650859772262564,0
34.23134926858572,67.14873823090606,43.70294608200248,82.07802507353314,418,3.434481969334057,0,0.4045095343226241,0
36.358594368127655,77.22774741130026,43.95347960464072,67.07374652847737,419,3.445393081105012,0,1.1373476512987994,0
34.135036962820216,69.06268605031698,35.367639358444585,74.67831436872811,420,2.816928333658373,0,1.0684328786375568,0
38.12149584976397,69.30636863239707,47.23658853310724,73.92645566787789,421,4.073083803046117,0,1.427569454794474,0
37.51068168488641,73.58005869847841,47.84794996213887,79.22778954776955,422,3.724635555789853,0,1.2103286752013014,0
33.50207170304185,62.08037816365692,40.85304627965986,84.25843658629829,423,3.973922484631356,0,0.47589539242310924,0
35.94314190190871,58.28632266128795,41.78261525093069,84.18205755887972,424,3.942514423441871,0,0.8595767659522304,0
35.290751899170296,56.64152644783173,34.34446248722139,62.23988245951598,425,2.7689951840524736,0,1.5240591195650042,0
36.7372631150647,49.26914728499199,44.57127378008917,90.63940987560856,426,3.7874222651124336,0,1.7714564766127594,0
32.070153078839795,81.44965703952258,44.86028720857072,82.52568845996623,427,3.9443037036935262,0,1.4828612780369022,0
35.37210291999688,56.17433307422654,41.68904491500344,93.84532047593906,428,3.7787728186323695,0,1.0731558939162151,0
36.11684897369918,63.22997101131382,47.621766799352514,84.44198327290673,429,4.06925644412041,0,1.09700921487524,0
30.482521027153773,62.78549360088864,40.3296138451003,91.01322957735762,430,3.705004975912322,0,1.289290993406017,0
31.63348297466845,67.45925358247281,44.823029629468,84.66545311450128,431,3.5545636906169835,0,0.8799424793448126,0
29.9215356444798,71.52589770031437,36.901678306539424,93.46225756202747,432,3.227450819187427,0,1.488809781410708,0
33.46118633111089,71.88378790687796,41.88223924562881,85.22250636017779,433,3.838510802495025,0,0.5154938250512389,0
35.435084511591924,60.33538049144849,41.12822871048582,79.02084753557097,434,3.510165991853666,0,0.6523617364868703,0
37.00471410419205,63.66302628970871,43.12653961020471,102.7243472044688,435,4.070148820174865,0,1.714717680970045,0
34.14818956083955,67.2606396039064,40.1523653558332,88.89037122279892,436,3.923116564458,0,0.6079928977511355,0
37.257231091142586,63.01047099053162,41.342637021641664,85.73744421004413,437,3.983996879698029,0,1.1201870122549336,0
31.239797083570217,77.85876460815994,46.13023585720753,67.23695583461664,438,3.5691399361160494,0,1.1242908277076917,0
30.59323512128969,68.927799613106,39.81617881380891,67.11692382536462,439,3.2309600270286625,0,1.2499146699593267,0
27.22541216640908,107.50609810534016,15.648825913383757,106.65283449557931,440,1.7750692055051172,1,4.552968915492833,1
34.76813089787861,70.3030501493393,50.7479195210271,81.45521197768241,441,3.887431792686302,0,1.6494355485254943,0
33.93461050381181,74.3877908598826,48.90727039345244,73.85877434991684,442,3.966515722658616,0,1.324172153032159,0
29.865115799920247,66.44817246962965,35.538686524471906,81.4098269961206,443,3.474159218509641,0,1.508875935277817,0
33.82175992097442,54.62534441635323,45.44853902622597,95.88626928043595,444,4.324415977813288,0,1.2298004383786711,0
31.39106099899029,68.19750361402113,39.485126147243285,86.95402474550299,445,3.2998968717616344,0,0.966161729020198,0
35.33934509766008,59.78914484966537,43.3174360766553,68.58991490247261,446,3.3720055969438283,0,1.0160534465628228,0
34.7331964921937,60.77106654600195,43.471120645067465,78.88491172857056,447,3.568269651338155,0,0.6083021217199861,0
32.12024042734529,69.69091215004075,40.82796099841839,71.9503351914744,448,3.481584548905703,0,0.7472181948031188,0
32.972266165326616,74.90626457146908,38.08117167206802,76.12300083591438,449,3.512390177928552,0,0.8211477611641804,0
31.881572956222097,65.1701726138885,38.5472947384187,75.86384334370358,450,3.722799414846424,0,0.7917073595637025,0
33.874641805453656,67.47066410079171,37.41904042259379,75.22354417395995,451,3.2751762265898106,0,0.7059272464408264,0
35.91028464100248,78.6177195570819,37.84088895884778,67.44864628026605,452,3.1224000274758423,0,1.1964759939173095,0
32.028547907328914,66.92602543590854,41.66410854975322,78.7234531848181,453,3.867894374033062,0,0.7394345820233953,0
35.00809303103569,85.81346491344316,38.42120005444624,74.3939236315269,454,3.4581729327485538,0,1.9241599880419662,0
32.93948476325512,69.52407716505235,45.4102603285631,50.70551309997733,455,3.527548428297848,0,2.446814258500944,0
32.41425433547531,50.91389792675346,49.43623077667964,100.52972024501663,456,4.524294087691035,0,1.605127811955662,0
33.785939280090886,71.02673296883626,39.09973379314979,90.88769654216672,457,3.5391766895590786,0,0.7677798913113302,0
31.92951535516125,68.04926707906222,43.19702250267689,76.23699275075003,458,3.397260462744896,0,0.7746562747657655,0
32.892701389305635,75.31802203266196,44.49842555151467,80.18819049740598,459,3.507309651605124,0,0.862787549557551,0
31.6042442148223,70.38545081015967,44.36001135459637,68.28345652682438,460,3.692122507366224,0,1.0405702651408155,0
37.92945026583278,63.89235212812981,42.37977633958044,96.95722877810866,461,4.25655825450027,0,1.35926695827493,0
34.070527103943455,55.20561410968507,45.71341209179861,98.97288694773113,462,4.634295500782394,0,1.4145990422725683,0
32.60054898401483,63.3278139417118,44.41124476340329,81.56693728246525,463,4.006527540124266,0,0.5359979772873361,0
34.42795982146844,58.1958363663256,35.81168788836351,90.23530644185344,464,3.8235786405475576,0,0.9899645109071106,0
33.77534390061834,60.35581240156222,46.34578032194637,81.75286778933923,465,3.834096544359549,0,0.8715280582402591,0
33.55806080093355,69.70862723536487,46.43645418633371,66.6327456112407,466,3.4187750662020644,0,1.172627938410386,0
35.22833340008685,78.35923603481125,38.18356947910709,75.88176631036343,467,3.5845463326452656,0,1.1703363360241859,0
35.51501542009461,68.15737223858385,42.18968917723801,81.31927966771957,468,3.804256048463226,0,0.500554540775213,0
32.93899770477894,55.432935503718525,45.416644964055344,75.45452281256556,469,3.790801556370046,0,1.1481311909317844,0
32.84836351871064,68.55682134576112,40.95343090210319,77.81346722564965,470,3.6698988209318575,0,0.44786082231053687,0
33.449896605696715,74.57305189316521,47.36489023883006,79.08600442490885,471,4.009100662988288,0,1.0516162385352694,0
29.39615767052883,60.12173676544494,53.8193624730968,79.19121502134539,472,4.485517372757749,0,2.192194050777708,0
30.969617875602896,63.92786266661666,38.07006983682509,80.52258490497483,473,3.742648485660172,0,1.1160512337883328,0
36.73374853488905,65.11750555783358,35.094776984231125,69.39394933603398,474,3.224124421051415,0,1.1166507279872522,0
37.28993542700257,58.72081349534208,43.51909297802438,72.82983850872064,475,3.768812639318192,0,1.1318185621220256,0
33.50192792088724,70.18624347075087,45.60781252563072,67.1541573430003,476,3.7213055628353695,0,1.1309147471655794,0
35.15311392611153,64.03241481113774,40.84566813077616,89.778155496862,477,3.7340814308080086,0,0.6790160699439659,0
34.62250030908707,68.35625955125622,49.266303316605175,58.943530581596754,478,3.787273709353952,0,1.7877688673871224,0
40.15776161691048,57.9000625775832,35.30697100138376,91.53590343316924,479,3.255589988791616,0,2.1517831160845167,0
36.23914982286915,61.50033359741272,45.46459311515805,93.86349397262843,480,4.3388863474409565,0,1.0058451279790017,0
33.74416481703847,70.77905086262217,38.970695896205534,76.97819413017379,481,3.24663573763093,0,0.4317322787949326,0
32.08891911879915,62.017334783265866,50.59688953103648,53.96862912172701,482,3.647266907533303,0,2.185763395280265,0
30.787107359484857,78.81571080986724,51.9625767658406,76.38689438032709,483,3.924707007808188,0,1.8640791402290382,0
34.406927271734446,61.802910515083184,38.16671706108326,79.35815838711181,484,3.602107544693941,0,0.5738043781967455,0
32.48729850943139,66.79747780601508,39.2522143204571,69.89401780071087,485,3.3385790119458045,0,0.9117245826656868,0
31.15549258080465,72.46072665498473,46.29793943489901,74.84781606191757,486,3.464457027158682,0,1.0499434579924414,0
32.706854231514946,53.65307413653575,40.064346751052426,95.30195198863352,487,3.980464845844137,0,1.3281231951672816,0
31.83690399277121,50.91352950415379,41.77294391033881,86.64927162301741,488,3.684417512538459,0,1.6051650694203958,0
37.37428327014513,52.79474948343924,42.12694210271205,70.754358856219,489,3.663920793721205,0,1.4149229748827732,0
35.7632795138989,75.10067282741745,32.40163421901172,64.02400830404568,490,2.883194219639392,0,1.5925593339461812,0
33.98405471736677,60.585134832860426,41.93081126952881,76.72982682390229,491,3.710061844205761,0,0.6271048342886921,0
36.95988827778005,85.46559428534601,38.55136112967913,77.86543220649561,492,3.263764026833026,0,1.8889808821181306,0
34.154736615295235,60.48601921074089,39.53438588800114,84.96199187363317,493,3.556545319434296,0,0.6371280977884674,0
32.27743159734347,66.47641042557629,49.21816001734407,74.64683287432341,494,3.844891247106889,0,1.379109844945163,0
37.04624815453931,77.336879620543,35.71746552860372,85.11499575361862,495,3.629051206005676,0,1.0669485197368844,0
35.07782008736932,81.04874310527299,46.06602593373989,99.35154040060227,496,4.615029321386444,0,1.4448915020179933,0
31.92550769134709,81.49202861309118,40.60518534834096,88.15501022444262,497,3.611580198470796,0,1.4871461872943552,0
33.61932264383278,74.66692984474514,40.60119915752083,79.51911492669227,498,3.832005111779751,0,0.7969445631283791,0
32.248763493230484,73.1925002064917,45.95185948025856,78.16849528946705,499,3.4095150311894336,0,0.8019178166121885,0
42.27751073312572,93.47540367304788,28.473883481189706,111.03663610400253,500,-6.031701315969286,1,8.72807762488742,1
35.85235509506328,71.2268886093331,44.85306498609766,91.80640912452144,501,3.868502189607324,0,0.8412773431570051,0
37.81883328094026,60.59051426937173,46.84092330266431,73.72686554048697,502,3.507893405245408,0,1.3199251724813517,0
31.20286485236172,58.45440893262154,40.34345808408339,80.45222708999982,503,3.281528416570267,0,1.0330951434052704,0
35.12593847338114,64.97300434071238,38.93881632746125,80.51197901881085,504,3.628520794443028,0,0.43736575701807073,0
32.69871486175634,63.63852301980057,36.57424736721101,74.98215807188468,505,3.272529138870236,0,0.8552116774421102,0
33.02574923247061,61.3741756053818,37.87294735010522,66.27534452115898,506,3.285292829774169,0,1.2012201988326232,0
32.81521215152226,70.57109957965372,56.745472126543625,83.22974503617668,507,4.62811516579024,0,2.709270525162605,0
32.27201846064037,72.64244166856409,48.22339790368393,79.38996028144616,508,4.034812684054031,0,1.2033241952251843,0
34.09704325588965,65.70725509033478,35.24462816895989,85.0024046943657,509,3.592861705006487,0,1.0901703388498603,0
32.33809976717792,76.8202406484421,35.38771021628215,74.66399693560834,510,3.2321399899496,0,1.064886132398466,0
34.54091365155968,55.86648708693196,44.40933030859246,92.20821298813048,511,3.821822961015488,0,1.104287428804638,0
33.89952378110173,63.45072432576225,44.73632398688984,71.23226218788156,512,3.8720195170773,0,0.8046643831071629,0
33.52210390626718,59.26542143517756,44.74441917658682,97.12040284017893,513,4.057027628139367,0,1.2663994158554268,0
43.6161348055376,79.14273199410437,23.73591281130461,104.11469899723248,514,3.409682701263797,1,3.3817802753221105,1
32.84645733886333,64.3385545132584,41.3727286999855,84.3477006455689,515,3.708471446138407,0,0.4485387699088174,0
35.510782451651515,64.02601993293374,43.63939762079679,84.75430682526624,516,3.679386009169346,0,0.4990490528257705,0
35.00183437524876,77.10759794593704,42.429465031466655,72.04442932059118,517,3.468857417834782,0,1.0437619564979064,0
32.044889510402896,70.04649347643821,30.903498136262325,84.24393937861012,518,3.279313373802041,0,1.8572968235014182,0
34.19866461085845,56.80650540536636,40.85100184712403,92.7951866976016,519,3.9661355280488735,0,1.0092262154580627,0
35.50277424674358,79.8327405306735,37.74296782869843,57.83181160645936,520,2.849190867811547,0,1.8767069241966416,0
30.66118943775726,74.76826956420282,42.87605709454256,85.02744807490815,521,3.713422636013116,0,1.2257461919917363,0
24.06784195711655,90.04164667156374,41.58352656475648,71.5108095408078,522,6.270876695352419,1,3.570721192874676,1
32.6747524821083,63.18812720920135,43.83740832737152,70.34335196476792,523,3.684765004031806,0,0.8757776317697333,0
35.14119733718632,57.32448610621216,40.432351569138014,96.29166364900944,524,4.351051885934934,0,1.2000998789104915,0
32.473481686914965,62.022345791431576,46.60900750988626,74.18217966607946,525,4.034854420433358,0,0.9180432618457971,0
30.39023579867096,73.70998895763348,44.41343943604606,68.26120035591028,526,3.7786569506192063,0,1.3221129483201746,0
30.744915124233675,80.07669044747688,44.1004724522592,78.02062271015318,527,3.4553115179672003,0,1.3440173134410303,0
28.429619956095397,99.45082045631348,33.31261225773041,136.50285534036095,528,1.3264357182362017,1,4.417014702714686,1
34.51944500344296,61.089204625709804,52.28271782414771,61.68317752793974,529,3.831983631392368,0,1.920651664618305,0
32.191366749791186,56.04306053368791,36.34555782337042,69.48690088360655,530,3.0787332156309137,0,1.086431089450142,0
35.27718491755475,66.12708997528964,44.36816038405727,94.97431683179626,531,4.1387255747697465,0,1.0947114950766497,0
30.67695987546208,50.85248507549719,37.36809435009231,98.57702343537731,532,3.99575709188908,0,1.6113383081140946,0
33.86784040270537,67.58534171347826,44.77756323171124,78.96568775709716,533,3.917036638955401,0,0.5944064667326634,0
31.577967600475088,63.819179309610654,37.406567442569525,67.60947297473358,534,3.022602747359487,0,1.0944892759565887,0
32.696327784395685,61.271707985054064,39.913165931974575,100.9584350180916,535,4.150282057523041,0,1.5734438502042916,0
34.09479734263283,52.24237546186564,40.52455042881047,95.94442391749196,536,3.8166505179488417,0,1.470782891314368,0
32.27917326943209,69.10880085255774,46.87908359672355,86.78946987762232,537,4.105871933875803,0,0.9657687428895412,0
33.23088891154035,60.73839328270471,46.59227221971207,71.8759765106258,538,3.698772016818096,0,0.9150859479150342,0
36.01258561842888,55.640665314317694,35.77141311776808,79.50970659161963,539,3.3148656811893824,0,1.127124102605357,0
32.8462162609537,42.021902293746805,42.27467055499925,78.39639918955169,540,3.8233722691586354,0,2.504348473265628,0
35.671384224130286,64.7798807595949,38.45210072625414,83.30851304615578,541,3.3640227110313403,0,0.5561683147281645,0
31.740586290684764,79.17801277335795,35.70747544662333,94.51001438131335,542,4.042018937719668,0,1.2531367545903194,0
35.05960835583056,78.29007371638296,40.91491474787815,88.79417041137403,543,3.446815848204184,0,1.1633421596568518,0
36.8831372413158,61.34322994730982,40.4575860577209,69.22623923015242,544,3.2590391784249646,0,0.9871376426587444,0
29.05671099974542,60.18230351710576,54.13358243172761,93.76496450019538,545,4.606587899576091,0,2.2477202502825,0
32.406209489059044,68.75019404860019,44.16479912680348,83.13132140013155,546,3.971791312520457,0,0.6051163209956895,0
35.15414425436108,57.01291648649367,35.11191249622881,86.87065795858916,547,3.461372197325272,0,1.1136226903605326,0
33.59390922791401,67.41433519855573,39.17612997914529,94.66540859278604,548,3.8365756224918166,0,1.069998686242363,0
34.742291746742616,71.12864222707752,47.106916477147,68.88419750486449,549,3.807716873552737,0,1.00602937441425,0
17.071950216818777,100.28921326319036,40.38649669669784,109.35224316761531,550,4.948991021321756,1,6.0588641715437666,1
34.1731795749458,64.19876738816038,34.07008343881021,74.68545448640785,551,3.474117717506191,0,1.2977255982222329,0
33.68864552921584,63.37060999858427,32.60037807430477,64.32140574634545,552,3.0812032967806267,0,1.5574390602136023,0
36.335564123319614,57.97613930594751,51.35482587685891,83.4670997760492,553,4.388292518331862,0,1.7566827251258779,0
34.50884168660242,58.38495716768112,43.94807088685452,105.11556551584424,554,4.101395093119503,0,1.9060163047924803,0
34.675205324150404,63.18816886478778,37.65853634061817,61.59922255494247,555,3.092281530007113,0,1.5753122224289706,0
33.176246067755066,67.93892405452942,44.67314543061217,79.67719388950529,556,3.7588704202541248,0,0.5759546672959167,0
33.02478755185501,72.30867700986599,28.82126130491561,86.40542935074774,557,2.9582992526413925,0,2.225251482452379,0
33.13488362436076,58.57456839455724,42.0168775329858,81.23078201656182,558,3.788841190013288,0,0.8304273455534996,0
34.78890428475659,76.94150855167618,43.63910586421542,78.86871947484259,559,3.6439114883040937,0,1.0269658377065922,0
33.158031038359475,62.83101119165945,46.62135069768915,67.00783636554176,560,3.793885338548935,0,1.1426204962772415,0
34.57954971379283,64.8290616452125,36.93052023853731,82.32786742940164,561,3.273249550798104,0,0.7922542554578089,0
38.15080159729088,59.02230656681741,42.4284358070168,72.43236022984074,562,3.872369101543111,0,1.4379922704483699,0
35.74224940686339,45.606077917816464,37.37287686970206,58.10078295021447,563,2.833970476702346,0,2.1418916179154643,0
33.34795293566432,72.0723631708884,43.27691877837159,91.94592220513732,564,4.0401043798180565,0,0.8524384572217831,0
36.40242784432789,70.89475117673946,37.52326838818488,89.58385819842043,565,3.802188167011988,0,0.8161696295309689,0
33.1838492539569,62.749379543054296,39.959495804198895,80.5166097685108,566,3.486017392079708,0,0.4082413035517702,0
29.92375092964429,65.53592573779898,37.020923026048855,82.29074688205702,567,3.626592326926617,0,1.4880218981168565,0
31.98382737816519,69.1275137416328,45.255681209118286,90.7431801271556,568,3.8116492172205954,0,0.7562185080700492,0
30.25841615794829,52.49963314490766,46.29225558328333,82.24339656778082,569,4.2124884119357775,0,1.4447671988399557,0
33.29697303191738,60.76757858122964,40.82689715021293,89.04017554761315,570,3.8179479517752353,0,0.6199773163394688,0
34.0368367583791,71.35411743697462,42.19118997480014,77.0251779912615,571,3.5304124093876705,0,0.4619298502270867,0
37.352874624550566,54.96568461464601,34.75704292683228,93.11983738573946,572,3.50688379332541,0,1.1953828620763178,0
34.65385474752833,67.34846345733304,40.50161675996606,83.20785725932684,573,3.844483289588101,0,0.19427609043707877,0
33.561798942382275,54.14734556301276,41.74897691479128,81.94051943605874,574,3.6049861655144735,0,1.278139018686867,0
35.65881116236698,68.73143985946821,55.10396545514988,67.29938911287968,575,3.9347264055068623,0,2.419197840660254,0
29.57772938198423,64.71486814162013,36.440164871129184,82.86955854301709,576,3.390869388719896,0,1.6110871364365593,0
34.47122911621713,52.078945472755926,49.320886193762185,71.68045082505549,577,3.659548612473056,0,1.4873100724951156,0
35.54173038777393,74.31791483565738,46.98429386732904,73.61717273471506,578,4.170249625771377,0,0.9843605805979088,0
31.04282750844032,59.123267385615605,43.40318202245068,71.84624371683879,579,3.4642333323007684,0,1.0900136619279626,0
36.28750808641386,58.51798050388495,50.79310242097567,69.33765068100774,580,4.069856411040881,0,1.6574198749434645,0
34.67699281498883,66.60455357784754,43.86052736303432,101.24771403016962,581,4.253104737334775,0,1.5965863113706276,0
33.1694241721984,74.18909879542971,43.945795978339646,93.31339061988405,582,3.858345042940253,0,0.961836593149918,0
35.26556373221257,56.87342544817282,41.73439673491227,99.20367502144262,583,4.056946758009795,0,1.4330622000217428,0
38.54138571560879,65.49343879878377,48.117844412093135,67.77104980444436,584,3.8726999153996062,0,1.5769065315102486,0
42.72976195405308,79.91407419401843,31.53385736853957,106.48646169591385,585,4.917160168766546,1,3.0665349186507926,1
34.49644117260067,70.54484485810515,38.87161356251894,67.06492374795904,586,3.5185373305293264,0,1.1380534780162577,0
33.08127820091951,66.4115324422178,35.40376402700616,73.04305122802936,587,3.426165086476463,0,1.0620492435485094,0
32.30031126107042,62.06377728733342,40.98509681302171,70.81873016583425,588,3.632415527510141,0,0.8377471452907024,0
35.66067163308849,58.37927823481024,37.99980717801176,92.3958400644156,589,3.639369089403417,0,0.8884321040183245,0
32.28783234818226,65.689151064371,41.68237712692322,76.0377032189824,590,3.3717827546513344,0,0.6472180662543929,0
34.14313247443879,56.42288790411514,48.187190673420695,90.68379333694016,591,4.098886554592891,0,1.196925970555202,0
33.044685106469764,41.62919613204314,39.71349172456605,86.04120889588518,592,3.736193803344048,0,2.544061661283497,0
34.957959651492786,68.49247843326134,41.78588309344212,103.03638752104789,593,4.249599651284608,0,1.7396810575278134,0
34.667324210573895,72.23147872868957,42.290113674041976,65.20555776860276,594,2.9776293160163254,0,1.2868036575130493,0
36.0750798885158,46.096540515665296,46.24215441102642,92.592332397868,595,4.141580929301173,0,2.092292616770172,0
32.9799672022905,56.9221543623205,30.765553330076976,91.46440870400728,596,3.388983357671536,0,1.8816732216852687,0
33.46025012941326,69.95323408804158,38.96649852617352,70.26621161972966,597,3.292742808734291,0,0.8819488967591347,0
32.042472568435386,81.45996375769359,43.05641846139736,90.0713333647316,598,4.192927083852029,0,1.4839035653155046,0
33.111413479847776,65.16634966140326,48.00039478213431,83.36144963026229,599,4.142718881360613,0,1.163917036395071,0
34.754600986089706,59.17597647016692,39.54048776246898,77.72523740046593,600,3.78602150788805,0,0.769608763337886,0
35.5139772332907,63.53682847116128,32.617236469790626,71.76064513028001,601,3.0077428496921783,0,1.5544599921901796,0
20.95922822644869,110.78437895791714,35.83228439035118,96.69061455550845,602,-6.05828815312373,1,8.752087392398698,1
35.73921184021132,59.83228656700372,38.82318805587185,100.49812095785926,603,4.260742982454169,0,1.5366185022928687,0
36.7112757176099,58.60646394679797,36.0516667045482,80.00682818957483,604,3.63794583169734,0,0.9475575559751002,0
34.826869806447405,61.138051822543744,38.87827305143388,87.82130001531459,605,3.473642636127765,0,0.5711900091321224,0
37.75359162511613,57.3733711339303,41.077373211720754,72.09100618332447,606,3.4074176524928896,0,1.2967214732416248,0
32.45242160179286,65.98136252795837,38.97627667730894,72.2014705377836,607,3.308334519549088,0,0.7271272453847493,0
31.510690593377166,77.99742766775648,30.97216971450465,90.81984809249944,608,3.4379632605242585,0,1.845161783542762,0
30.442559502191443,67.58463418492823,46.48533098443566,66.50423788448468,609,3.756047612936298,0,1.3035036186785312,0
36.992088622978365,62.9811719829897,48.37437520639361,75.84786232094729,610,3.737976585703696,0,1.23000358207089,0
35.30873131270812,62.66550984867565,45.25760995669753,80.34027411072232,611,3.870166369705629,0,0.6792361202637719,0
33.88883065817909,52.494473530426745,36.31157164787592,81.11372601840053,612,3.0327559429123703,0,1.4452889750685014,0
34.55993725263964,72.06487821717727,40.99254233026241,78.20906714983843,613,3.896598088143871,0,0.533806941173307,0
31.749021905403247,64.37730242389759,41.96739342385271,83.95819781095923,614,3.652548998330514,0,0.8388501654636829,0
38.89150395923365,63.556160691275,44.99397194780955,86.92855755817811,615,3.9505274969306026,0,1.7014287914190445,0
34.25844236395046,90.54486054275888,45.34170244359041,87.3463754545933,616,3.94949826483427,0,2.4026317375016286,0
34.218789589209784,67.3900232669255,38.32913100610752,70.14196191332174,617,3.546313407682396,0,0.8918889334898276,0
35.451533247797386,58.98567159923853,42.4099777820678,77.15844902071203,618,3.081651248760181,0,0.7888537201450537,0
34.96201846347343,61.589139230355656,44.28640202307621,91.94762861876936,619,4.0403304204292825,0,0.8525749711393654,0
34.44776804855826,74.18756567357404,49.27911161073384,88.94647187573872,620,4.217243586066345,0,1.389880676783608,0
32.419051089109374,65.90616328430211,45.522532699123616,66.27140548518936,621,3.4950179780327257,0,1.2015353236192607,0
23.85546980229506,82.27455603276542,32.9211644996221,125.30709081086816,622,10.965273871749034,1,6.62137595176083,1
37.76404899295007,72.35383147660163,42.4191331396468,60.2177475062519,623,3.110205225406723,0,1.685830895860978,0
36.69084009230996,59.654847315688045,49.05229572601752,80.4693490206037,624,4.189452601236982,0,1.3497997598345606,0
37.1863732532788,79.98638220974037,44.04881397979749,98.97767016745976,625,4.221380927547499,0,1.4149817021690636,0
32.97756864713763,73.6403845257172,37.69456044913215,70.52107282731014,626,3.53722901598129,0,0.8615598766333122,0
21.53257361593237,68.73234236266691,36.07439161819169,110.90715187172778,627,-2.1835970130470583,1,5.252971160150962,1
33.7484261598007,75.2481308938809,45.48951636269514,87.6402978157286,628,3.8781722562225847,0,0.855719669789243,0
34.11144982457739,65.54284408421923,39.78477989435759,64.57198484790354,629,3.4987781749256563,0,1.3374897982323408,0
36.1883830369419,71.82218940097775,39.602535163003786,73.67244970114962,630,3.516756183469785,0,0.740042939126329,0
30.61507074057036,68.8778625383558,43.48287772570381,85.96441137581752,631,3.550595351871893,0,1.2421486631634904,0
37.05910063892123,58.22914676007301,44.31592397633792,73.65714152310596,632,3.550487019997149,0,1.04972038528936,0
33.68398420284202,59.8516013414603,42.98646132815603,77.64030012789028,633,3.77624544176364,0,0.7012848607364552,0
33.14623786010516,73.23968654064929,43.55654336721442,87.44185710315034,634,4.085679533334098,0,0.6526117585782564,0
31.975791249479663,62.32179734314767,50.4997868728819,84.21546083536562,635,4.0532103422076124,0,1.6055877198114976,0
30.690286656268466,61.77081229406403,47.35771576117443,82.66818396295402,636,3.4053011359170986,0,1.2153975412942943,0
45.609438136986,81.91434199792154,29.83330345104584,93.10290863971908,637,13.551023585897722,1,8.956488214961395,1
34.14663593437681,68.38879252474769,46.70655290383742,83.70061115268956,638,3.7638093709131,0,0.9352806296721656,0
31.42007820051789,81.50019935394516,36.83738048236231,78.76267319900244,639,2.987855510478861,0,1.487972469638314,0
31.409842455872766,56.459736685965815,43.98963524973404,84.57805609925785,640,3.2986761240337588,0,1.0442938886835758,0
33.32843060141975,65.19375565338207,51.04653174866555,75.03067974882022,641,4.209020660463428,0,1.7022036864842438,0
37.33804305057878,76.29776444332343,40.90977052303813,78.17431025620459,642,3.6013177908512044,0,1.1489284103393906,0
33.48081729727279,64.36286887003428,37.761830356904575,70.10042207447987,643,3.239776856165104,0,0.8952121407296069,0
30.99371409376379,68.61897436999787,38.7395555570347,79.64992389993765,644,3.777718269380678,0,1.1074812275253498,0
33.508513871828114,56.500851774824966,36.55183481328806,71.88999136371154,645,3.38794164326153,0,1.0401360439297493,0
33.454552860504656,68.42645677766119,38.07619045936149,68.85953549838007,646,3.598805770085105,0,0.9944836682176523,0
28.606226714116858,63.50284587996361,40.14745950704985,82.58661147855388,647,3.32662037763134,0,1.9566095703942934,0
33.89141026696438,72.8858399654389,34.97216490410679,82.1273977585766,648,3.383160178255723,0,1.1383176610883432,0
33.53813093958264,74.499088412518,42.07809166974801,87.82873734948572,649,3.532517964883338,0,0.779971266029327,0
35.392412729626834,85.71650913614891,46.51138586893324,75.68874430424901,650,3.77954358586428,0,1.9143551431258572,0
37.69791218989069,69.63706538570861,37.4612190992654,84.08052846836756,651,3.467969231678379,0,1.2769186516778726,0
36.25313005909551,67.60637053265734,49.59641961820884,85.50797572273663,652,4.292771922226834,0,1.4459525692384922,0
33.46222261889034,66.5550744126187,44.55396044263797,84.44773807831595,653,3.920387786115501,0,0.5548933399089845,0
31.78694818251666,62.17466965751449,47.15290292812029,71.74346317197858,654,3.895065319326736,0,1.0141556973327135,0
39.14671960649972,67.70787074769353,38.71082723073931,81.49363482271188,655,3.654634888553985,0,1.7921982092952178,0
34.11843686802898,62.636788718887765,46.27262613533308,83.64140296054661,656,4.4162607327739245,0,0.8586008909839196,0
34.02785858382589,66.34768781015691,36.54033049802344,80.07178466907942,657,3.3651143013872766,0,0.8612051695592032,0
33.95174982577999,75.54078028486367,46.451237504182544,59.13522341628915,658,3.3165793016594347,0,1.7724333477071212,0
34.39616952153571,56.94765947776287,42.85919669896766,81.6048962397348,659,3.820312787591004,0,0.9949517304531632,0
33.71127917615212,74.11902848903236,44.76625609992392,102.12531039397244,660,4.117475799209257,0,1.6667944458050306,0
39.61704508787212,97.9890924535162,25.398255056141117,112.9214051479955,661,7.758696116714489,1,3.7256126852249962,1
32.90628211751922,64.05545178407137,37.524650788616974,72.7192290214468,662,3.2630363332459305,0,0.6872647073738297,0
33.934493459568,48.02516080793124,44.98614109126692,83.73348559711398,663,3.810206427526508,0,1.89725707174699,0
32.91315045773247,60.13742410324454,37.258259978879,83.12378210466572,664,3.420257001384366,0,0.7343389585200883,0
32.57430843464567,75.37595637248887,44.316031460495616,91.92735165416414,665,4.183775175148849,0,0.8686462743615013,0
34.21286045538379,64.81705550160895,35.16431096769877,67.42131844091112,666,3.072963916003026,0,1.1095417298521446,0
33.49004556515829,57.00558214164072,46.240871063333344,87.31380252574992,667,3.924886695307172,0,0.9890941864026758,0
37.007985977165376,60.96180063017426,35.83738342615746,85.90422061251464,668,3.8129441073112185,0,1.0315410606977162,0
28.69806038321397,71.72496021203642,44.76149968839761,78.57853463059453,669,3.585392312731561,0,1.9239482160664065,0
36.18301370384492,69.37386854561103,45.12815466823,83.3868731792169,670,3.909428274763988,0,0.7381332943031494,0
36.492170384995255,63.08854320664245,38.516140907852126,90.29457481598357,671,3.837238068184371,0,0.8480872578675,0
29.8532195351837,62.0654047054825,44.91013283542363,88.7231538002845,672,3.6522348910452944,0,1.5131069337945786,0
33.3146248118393,61.865934807649424,43.30221131666778,68.56980687926271,673,3.625705051818221,0,1.0176620981650393,0
33.25711826800842,57.62071852401198,39.30579071903631,88.20158186755485,674,3.5108708208869075,0,0.9268873019887364,0
31.18497661056436,77.92300551575553,36.95722657961896,79.35311394967482,675,3.5713299302468884,0,1.1262216612066691,0
32.44436662481825,62.42143624630928,32.1868715416371,80.72874098015515,676,3.015831860549345,0,1.6305103136422145,0
31.778848309068344,74.73726816660397,43.74825023649847,80.73196991001694,677,3.918394199485718,0,0.8282421744293471,0
37.504540886847245,77.17052841537961,34.175986143189725,78.4975701120174,678,3.4648719137903043,0,1.2790113996808754,0
40.84709785354272,106.399231510557,33.85090084618842,102.95405173014832,679,4.179964961121076,1,4.005936387517114,1
36.54311018998832,61.54703749825561,40.68275891958876,79.16282040150789,680,3.642226581757333,0,0.8662043932997402,0
35.44334412808647,68.22984072269287,45.39571387719098,68.80453871616831,681,3.5851828383161104,0,0.9988834374489779,0
31.74189645756554,64.80643514887267,40.48977250255068,76.06470144030271,682,3.407917703242275,0,0.8413843860699188,0
32.950959467440455,57.77038511415898,40.35276106826454,81.78694716810476,683,3.937093529613148,0,0.9117519717746249,0
34.97874912245584,67.59487425377283,45.659353521441474,92.29214784297052,684,3.979124097673397,0,0.8801366760479173,0
31.55574438221611,55.56768167072158,43.67529014542059,86.03094684948833,685,3.672527673368958,0,1.1345047180451233,0
35.425996860344775,74.50143510769252,43.58077978591389,71.49464721252956,686,3.727745751949404,0,0.7836734539694942,0
33.51934920368373,61.28306162161286,44.34633794904264,104.85189916678893,687,4.150321012187448,0,1.884922869081228,0
42.730312087543474,93.0879662365417,25.755570504689324,121.0514716626877,688,0.8690016107985064,1,3.180896519933155,1
35.42191993640698,67.26630297236913,45.78394339993491,92.75390737999015,689,3.841335265798526,0,0.9170776628028783,0
34.88852662297208,62.92876021036738,45.062343970068014,78.48285566422771,690,3.717307077666131,0,0.6447304250261573,0
33.27806766836184,69.69355041180219,36.91658435711752,85.3335924470545,691,3.528738738701285,0,0.7947168823875629,0
36.318659606728495,61.2007707470198,40.779597631629,88.39468504518405,692,3.8323053319499856,0,0.7863768082644774,0
31.837873344800204,71.97037837965796,41.80346356186185,92.18194711754256,693,4.102452102751842,0,0.8713205646045099,0
35.231871213888525,54.23216255802601,41.32751607799133,90.57368305378225,694,3.970910337569485,0,1.269561732159304,0
35.18620251593677,66.0110366363713,43.66929983284268,88.72197000072978,695,3.907867922586726,0,0.5945207183693576,0
33.38090712137202,80.51143199246627,49.15683390915592,76.84913268805892,696,3.948994285156751,0,1.3879814128084624,0
34.65226604448424,56.99734940315541,47.40883363836414,74.28253958043939,697,3.951601306865189,0,1.0593815312941401,0
31.497772847229395,59.57804023580119,35.43890403284297,83.32607510324198,698,3.667958464764996,0,1.0558396094336162,0
35.8480540384138,69.11126279727132,45.110349951530246,89.33128072341069,699,4.048925411557228,0,0.6532136216878538,0
33.63019572711402,66.43665425551679,48.644666597677045,77.77279299223393,700,3.890164976157589,0,1.2777671098309638,0
32.954553958961924,67.80504079418847,43.93404260344602,90.65171965714389,701,3.800708862687688,0,0.7489016261424725,0
36.09801845167378,68.9134970411813,47.45490212592984,94.5261674548618,702,3.953247217994545,0,1.06752235100083,0
32.59131261891448,70.07777174849416,52.06135222850382,70.8367908092658,703,4.138970488208357,0,1.8815338750266462,0
31.18307740727288,73.87759873564978,47.11854773053491,71.6307929620372,704,3.87596972456813,0,1.0401327012165216,0
30.8867416529522,68.2785492554281,43.246542978208645,78.59624941094664,705,3.81859225868022,0,1.1455268030426635,0
35.21201990269128,63.06993876305166,47.22544237042376,83.07612668189196,706,3.9849425638617046,0,1.0269742323578583,0
31.439141295007435,70.38058960962185,42.724439165484455,74.75432986232948,707,3.887086917649237,0,0.94906160006047,0
37.50958836396873,80.19905547916173,42.11951521642478,93.52202678867144,708,3.8444967140380175,0,1.3563917195084858,0
29.83614118423256,63.93893002893941,40.242928821431335,84.24066861518452,709,3.846375072659024,0,1.519180981333302,0
37.39291273658008,57.20376556263487,49.81706679416054,80.3944704824074,710,4.057065042992465,0,1.4849434059932576,0
34.42203493440524,73.85664535429578,37.90785667029,65.64090476131473,711,3.082320426460875,0,1.251975687103634,0
33.806573776259214,64.03695068837122,49.66183862339058,66.84184183572492,712,3.936500567110172,0,1.457512842968253,0
32.9101618263821,47.61864363188771,44.49932061870186,82.81009250281807,713,3.952196722992074,0,1.938366925930772,0
34.79827222870414,71.77937341720337,35.00346912599029,58.67404373845164,714,2.987066160634892,0,1.8093279454464821,0
33.9247305951503,60.71737451236862,43.83824646495711,90.12637409644071,715,4.009942795539413,0,0.7068737266756372,0
36.20660376403304,64.27573374156671,31.49986746174188,78.4184615562768,716,3.113717950228933,0,1.7519116586334433,0
34.22845529732408,67.65584264455211,45.12754008415518,112.43092969594731,717,4.9803854437275525,0,2.491248984617813,0
34.30060352292376,66.52399743823253,46.42615741494495,103.07916250616113,718,4.616736414680467,0,1.7431030770679203,0
33.27277557557229,70.67561453711231,39.038220221739735,78.18550930752484,719,3.652914331990309,0,0.41979997128850877,0
33.88610875255787,61.51610903544125,42.61773847977791,78.93662997468685,720,3.730840442648889,0,0.5329582250618748,0
34.61560353778412,69.10484638540866,51.77078716875143,89.95581514002029,721,4.582931065979471,0,1.83018776210869,0
30.57966321468675,62.92362657932866,39.47126647869032,97.03172609918036,722,3.9835934333432816,0,1.259305233598046,0
31.30362915578857,70.91048384710002,36.705462064717,63.61970942563983,723,3.08594453386134,0,1.4136722935370838,0
35.48652818804543,69.92293987210442,49.40831701231299,62.13624534645314,724,3.637562610611075,0,1.5323501388381247,0
34.34173087625588,57.51649038364324,51.81293595265397,73.77965194445619,725,4.046639060226727,0,1.8376359261083761,0
33.63203332729464,73.68785692940025,42.01847835923924,85.82737583173865,726,3.1797066206940703,0,0.6979338763553117,0
34.036867866130784,60.71229243908762,47.05731517704178,84.96873590507597,727,4.09399196615183,0,0.9972642670119679,0
34.69516341072334,71.46446238624917,48.70737957765441,90.69771454983852,728,4.144676419750185,0,1.2888491984829278,0
32.920480639381275,67.93829850721073,38.28757883730808,68.00302471634691,729,3.5821782422427324,0,1.0630049458912803,0
32.44339054919538,79.70546941436098,39.57347082316066,56.83856137031123,730,3.1037474882185627,0,1.9561674244707268,0
34.39169051019536,63.21227214102518,48.15437256577368,88.58014195302145,731,3.9376118783401672,0,1.19112664195584,0
32.043254444769936,62.20546563105442,50.42507139354255,71.71803727034765,732,3.926070828706156,0,1.592384654576653,0
34.81650551142894,64.84464315289814,44.81440430087177,59.81512135611362,733,3.219633370039071,0,1.7180411830062259,0
30.59483279152432,62.574561737325794,37.60092823248973,81.45063745959382,734,3.569688971874099,0,1.2493464461897081,0
36.05831127465129,71.3995352155364,51.935305558497205,87.93175688218678,735,4.39300677568998,0,1.8592600112778275,0
34.94519496482609,52.0695151325073,39.34514551094018,78.77942867878723,736,3.7249618256961465,0,1.4882637343214071,0
34.512059468627754,56.570540646829166,40.32431109414274,75.42151613817511,737,3.361348924445449,0,1.0330886187896662,0
48.29008782986473,67.29563112063133,35.84220544858529,110.44312909122542,738,4.098435488342541,1,5.044107800077907,1
37.33094888892515,72.60246073578861,49.77080210357387,76.29417237599218,739,3.708109704723959,0,1.476767915006827,0
36.02874013003626,78.6849069806554,46.26987988276112,66.51952888059833,740,3.763896126834603,0,1.203270455132879,0
38.57802089975541,87.91898836856359,27.40319925517032,105.90624334971024,741,5.078147639454592,1,2.4758389900933118,0
31.4408460665286,63.64942621447992,44.31644265059053,85.21279905013814,742,3.9936475784030896,0,0.9484552848903554,0
32.750362844608645,65.56041730490546,42.21757334321733,83.216785413765,743,3.763041810153642,0,0.48271551964199405,0
34.05218210042167,74.29502642086553,44.790697572592535,81.6805980596682,744,3.955579596976533,0,0.7593350931548328,0
35.03531804093824,57.581174926475406,29.352199611528484,70.0485151814662,745,3.1790949254580854,0,2.131428714267365,0
32.54851237369307,66.90695186187828,40.51696270465101,78.18496837864333,746,3.5180137751339453,0,0.5545052000134997,0
34.373533528954155,72.80158103825944,43.2066096745839,58.22934953557145,747,3.348911175893099,0,1.844903697199513,0
32.48923413529336,69.00875335951876,36.24492958190247,81.7847666388539,748,3.2156088933888536,0,0.913405832667632,0
32.776964394016105,66.51665293278995,43.9316165890578,94.28857707813567,749,3.8964698226360976,0,1.0398519824376093,0
31.18667780630356,73.00836874053712,40.97764389506939,65.25867867957894,750,3.345485205026746,0,1.282553958889718,0
32.15353350777819,43.3741416560061,50.77737849157745,74.14072326682245,751,4.224005434333485,0,2.3676005908142934,0
31.29663078876733,70.42300255624725,49.865098626074285,83.2910677871013,752,4.0807864300831,0,1.4934311707203765,0
32.04825349404533,59.76739453498061,39.67097215440919,92.52842634427483,753,3.7674163636839846,0,0.8990390706654725,0
36.10728359321568,50.35493682514834,41.24581144216652,75.51775383699851,754,3.4701957640152647,0,1.66165385989547,0
32.10120222233611,69.08962079619985,41.63026217195804,73.07749670734104,755,3.417123730799219,0,0.713594513242188,0
39.26476412967478,75.98926836130366,39.74170261920189,60.31076857583917,756,3.1996471523218943,0,1.8341816564970266,0
34.98663580176178,63.90041188297847,42.97512492014064,81.03438129308107,757,3.4601259848153063,0,0.3126322449149373,0
34.36967224738975,72.62299637762351,38.20858965556205,100.42076040143743,758,4.171335883666299,0,1.530429620286056,0
32.283284439637576,77.89822606390916,36.34692332531237,82.77358461964675,759,3.322566243429037,0,1.123715790084389,0
35.40061975881798,75.51931562867237,45.11355611950134,79.77721020816287,760,3.9815965096377735,0,0.8831437629423233,0
32.84872434752445,78.11971623497115,45.147647921109055,83.22082310766986,761,3.656286382205319,0,1.1461144221031354,0
34.15335970046601,95.50266099643264,26.90215932253475,118.243556338275,762,11.023854868892998,1,6.67427867628706,1
39.12016907653759,65.60346911121275,46.476777153813,71.8698562773987,763,3.844423214036148,0,1.782755308067246,0
33.8078802005507,52.184273504822656,38.84211135417334,88.23279915677705,764,3.781680767250896,0,1.4766585667411145,0
36.29854665257135,63.031500094960414,43.26582619018991,82.25761523111754,765,3.5865724432461743,0,0.779223480636761,0
32.59364714974822,58.25402723747047,46.10172006306228,80.17613251933658,766,3.944454762956943,0,0.8628427046189839,0
33.93002301900608,82.36754173998251,41.83193717648143,70.2463397272175,767,3.259212646611605,0,1.5756841854492845,0
37.54160127127102,63.59291350054131,44.27370456070568,93.0350793193476,768,3.988418150690289,0,1.2213254651206022,0
32.74606588442447,65.98563845427589,39.41785178056214,86.6470274533311,769,3.89717641713004,0,0.4842437667488349,0
37.62489711599386,69.41188300832374,41.01766708285951,74.47079162632699,770,3.663390600923725,0,1.2509502762087488,0
35.41550387091095,65.34881957097963,40.9707028455983,90.01824853681937,771,3.837781662815279,0,0.6982236295024955,0
32.87506644821146,78.56040832344603,38.26710826729881,75.02429161614793,772,3.2076305949854453,0,1.1906802819604523,0
35.26481547811104,60.01880510612438,41.11612918442109,72.17996507488964,773,3.615875148372576,0,0.7288476928389653,0
35.94510889925346,66.55685964189794,34.25690850568127,72.40296882519714,774,3.1453299603350766,0,1.2647115084082656,0
35.24361992443439,59.060235314415614,39.54423126428948,62.28931446911909,775,2.7464985337064274,0,1.5201045348393576,0
30.859550560219088,54.43981991023436,40.575622533151645,84.71542380418205,776,3.8482110736067177,0,1.2485619713310891,0
32.54572564835026,60.105847272757714,40.7191012375231,61.6885512166165,777,3.2503367759180493,0,1.5681658862015968,0
33.50496272889699,64.7037056236127,40.792512770646105,67.71556168734237,778,3.629476749164737,0,1.0860021275316158,0
33.851133141799906,61.56558220386192,41.69117900069936,59.24411990921467,779,3.048898575868699,0,1.76372157549601,0
35.241344195101355,59.46063216100915,44.39720759043032,79.13930307209107,780,3.154892236373124,0,0.7408223930865723,0
34.35540200186651,53.74946029062533,46.37258537066261,78.49679539728128,781,3.940827928129128,0,1.318375954525391,0
31.3293112825798,64.33515541897044,38.751173865758666,76.73303786813636,782,3.503825298812853,0,0.9881234930132805,0
34.76039570201193,52.96223700775198,35.98399572305428,69.57422305329423,783,2.844945964677189,0,1.3979854674221732,0
35.22117149056765,71.08044770951682,36.78977793878448,68.2776624656336,784,2.997130522172898,0,1.0410337928441906,0
35.11958089586208,65.65951802347602,39.563985394025366,84.64369863546574,785,4.210920982195942,0,0.5217243976767173,0
36.16156145110924,53.33958800428056,40.240393410917456,74.49448068291512,786,3.419171546862322,0,1.3598251008802853,0
35.66784430909781,62.52632738360109,38.15001966901272,83.16358321536144,787,3.7002859999421305,0,0.5767549951065003,0
34.91836015845687,58.98274875527534,35.51941667875053,71.14751313875777,788,3.059605529654437,0,1.0416121196878914,0
33.85966857708271,67.55339608335345,39.71939586262906,81.81062742771083,789,3.202718447685865,0,0.38875278008040043,0
30.67807813296801,75.72360356818515,42.90713310056986,93.03278037316063,790,3.938741394462205,0,1.2197395969832023,0
34.85923643826517,49.99862024283404,44.97514732917782,85.86165800392783,791,3.904277250097575,0,1.6976870796594379,0
34.415375374326224,65.92020863317934,39.21288473445839,75.8758618178352,792,3.394032071602687,0,0.4331741621739104,0
34.54315767439075,63.71893763546688,39.93501088928283,82.57198970355927,793,3.619830594690141,0,0.310192822083626,0
31.44650284835938,70.37072061160373,37.36650845576344,77.59334825469787,794,3.4475110706948504,0,0.9464434067028981,0
31.837886919183475,66.70557302590151,41.84280414812612,80.07880184694729,795,3.642071723286325,0,0.80724463634822,0
36.10630570666581,58.984245346089445,37.75785682904593,76.74388947851496,796,3.148906340366465,0,0.7889979528182182,0
33.92088969228669,62.447568514667054,44.865639066206,78.3566479411461,797,3.9068607673684768,0,0.6099704569356319,0
35.36300139474525,58.63179314557209,33.070667540329445,82.12093353074175,798,2.8924476826193706,0,1.4743336240431073,0
34.05663675226092,73.60805710878878,40.20185163773769,70.06641300418049,799,3.000782982991045,0,0.897932882836173,0
34.05951227899149,65.17049318937553,43.50553669595871,69.84121173010021,800,3.7193420455503374,0,0.915949093907188,0
35.876567611952,80.20952548602406,42.91917258161252,66.1145744616879,801,3.550888496621935,0,1.3574505196792508,0
32.96791054356525,64.51471348948303,55.46516831990248,63.9972889549629,802,4.031404227515228,0,2.483026447911521,0
34.19224155388196,59.3327458647163,43.74900012283954,67.82717307779521,803,3.2629813512080474,0,1.0770731622025345,0
33.07544942258991,52.890284859097385,36.97972701578995,81.5946250680413,804,3.330051158241408,0,1.4052617708939938,0
33.13100754513537,50.57488258995244,41.52267876455464,71.07212484508116,805,3.436337161043408,0,1.6394114090169163,0
33.381655753062724,52.32691245595608,33.11876833266774,85.13614464231097,806,3.0332990732954115,0,1.4658336732336397,0
34.44426754326743,67.13701320809187,41.5970012535162,80.34713748752561,807,3.5345444053890014,0,0.11973478104305382,0
33.042502756673045,69.06980018583947,37.83471971499621,60.31495786561946,808,3.218926238264266,0,1.6780540199982288,0
36.51151225114704,52.35047438374293,46.57695137780081,86.5497558422169,809,4.320188636080751,0,1.4598511738429187,0
32.21078539556099,72.16030651260893,39.25229862702233,88.1079864559171,810,3.622995563893358,0,0.6746204105600114,0
33.62625671167728,61.13551158653249,41.41617042102376,70.06137325165147,811,3.6195962240642094,0,0.8983360654810281,0
43.3915037333877,83.7970215024634,23.343787112555344,130.46956973460934,812,4.887281825839724,1,3.9343489302013794,1
36.89395576870746,77.8977650260434,50.69425675926666,71.43501762590802,813,4.066363881017142,0,1.639952735185208,0
34.39310955302315,72.17471452692425,40.39378616941044,80.97670376748336,814,3.474502605344462,0,0.544914355432476,0
36.06368907893727,62.85175481675334,51.16278521739601,67.35501593045035,815,3.946071812031029,0,1.7227469814613645,0
31.028879253926057,57.8704621966777,46.07075881059133,62.06893547465423,816,3.4656549589139702,0,1.5377349612040043,0
34.53410053173852,47.78547678936556,44.41033363667693,76.17182810387031,817,4.002695040550634,0,1.9214955926117587,0
35.77926159124687,59.24677344606064,43.8436657365876,78.76271053725164,818,3.5747577519939604,0,0.7624492789983323,0
34.16456797855085,63.310958089378445,43.96898649108126,76.02320306385396,819,3.842788965558,0,0.45152186573280556,0
36.130960750130704,57.102563782790526,32.361637103271946,68.1596944177744,820,2.904064643358472,0,1.599627273990029,0
32.96542309979925,63.94994426326157,40.60558302924622,76.00100937868864,821,3.508292474432144,0,0.4231622966524282,0
36.81869488037116,65.61481506367015,46.2257898559216,82.69294752580734,822,3.9001907158766738,0,0.9642182188218,0
38.5977962472385,63.201152145535374,41.75551408262948,79.55106969877463,823,3.4636845147357587,0,1.5969693731618657,0
33.27432287912068,59.799979353412326,34.97405076598213,81.82501030599214,824,3.375126180028821,0,1.1379844080919876,0
33.108994957198455,66.34923737573382,41.73797774711265,73.29884799545768,825,3.531436152412407,0,0.6393365169229629,0
36.9067689542354,68.53552519655527,50.520527581277456,91.7171791471616,826,4.379550322146097,0,1.6092528361753997,0
37.15914429146142,56.27680738045723,48.2344585776736,68.23826663445219,827,3.761797847796682,0,1.2052787406757148,0
32.954279945693465,76.28745903797017,41.68997995316984,84.87560297086719,828,3.931152766455218,0,0.9608237858525568,0
33.159626365808286,64.21129494172591,46.75724638529043,91.8189109295996,829,4.350538524724072,0,0.9442387377981347,0
33.43643078227898,65.15079698355878,40.16746489815974,84.80908092748895,830,3.488794506914996,0,0.28148769611458185,0
31.311098977931447,70.66571538605245,33.480642065866405,77.9747577293517,831,3.380392747777823,0,1.4018865159852942,0
32.16269610703161,66.86572905010802,37.37767005935223,74.71702953337021,832,3.107583769283361,0,0.7132378547578343,0
31.991718466495865,72.62509307130595,49.81444384254099,90.36087651046256,833,4.395428084628806,0,1.4844799009519063,0
32.46440486979174,67.2969933216146,40.63003459085348,65.77025074738327,834,3.4554985501288304,0,1.2416279455301615,0
33.93063022522644,60.1005010028765,40.78308010312491,70.29875739620357,835,3.0621720770000804,0,0.8793452188677964,0
34.468429465073044,67.89202820164881,40.5008090186256,76.02442234508278,836,3.5594404524880874,0,0.4212892479937196,0
37.10100098562816,55.850190341434704,51.52068294786503,92.37653757511998,837,4.298855666367308,0,1.785991534324682,0
39.1579380919409,82.81955050154421,42.33344240812306,90.59353674711824,838,-0.8188602029386534,1,4.0205186749441495,1
35.968644796953164,64.73416007484431,53.09390116724067,70.31954241489754,839,4.311569924830254,0,2.063996881579733,0
33.572022311548984,63.33506514181968,41.20477394799974,76.89692294615097,840,3.4631615513110128,0,0.35148877704776715,0
33.901072580695136,63.97169990848855,43.47812244373547,73.85676855903705,841,3.4887768333508564,0,0.5947026014384414,0
35.34963898433321,49.945207636018885,34.41678725289604,72.90211007766464,842,3.1805241623557814,0,1.703088535261185,0
31.754555956875404,60.61020073807231,49.38467213059137,89.78889558556779,843,4.379675027069362,0,1.408534407472706,0
34.764819492368105,65.74275920912892,36.16110224366032,66.28256870736494,844,3.0977285742046083,0,1.200642260434919,0
34.33290441642611,66.27885113597921,43.08387781881314,96.08780855734372,845,4.305895127057121,0,1.1837913727781442,0
34.9849025280163,56.77859887259233,36.51348736183578,88.28229690184622,846,3.687666413241369,0,1.0120483188296365,0
34.57833728781564,75.12566272691761,39.05566586630652,90.90861670603698,847,3.329529990611623,0,0.843334833962585,0
38.910600279821786,58.070601214284,37.8136878447515,75.37060487974742,848,3.2430970943329043,0,1.708220545458931,0
32.72452003149737,72.7556576042139,38.960623696620914,78.50059280920891,849,3.392919821459858,0,0.6036633741797113,0
32.938006089996364,68.41755489497348,39.30438648425511,65.66848185475288,850,3.363841212893661,0,1.249769506263246,0
32.753718947150475,59.83018152124958,39.25865602537461,74.75337592933197,851,2.9205740980520525,0,0.7034509824587301,0
32.88904576167949,79.2024871408761,46.16666955890153,84.93654847643151,852,4.505756846834046,0,1.2556117734559522,0
32.725225745386965,55.45090534594816,36.4756860346874,92.96063061781396,853,3.776454390523361,0,1.146313955062551,0
36.3780330622151,72.35323338888001,43.10270713506934,68.92843183197549,854,3.539699023554364,0,0.9889719281391675,0
36.84100849597971,73.00465854434383,48.0897957615278,76.34494063014733,855,4.139292059003369,0,1.179715194600418,0
32.85850741250105,59.63503832738684,39.43401817743302,78.48700779767478,856,3.9987569495126825,0,0.723185224250756,0
32.33528885379154,76.13972240051463,38.41040554626199,66.04210797807515,857,3.3988646543301986,0,1.2198792353182442,0
34.94283111277281,62.999627883208376,40.84737687409874,85.913492417584,858,3.940973000223213,0,0.38293444475285465,0
32.89555391143806,67.30954903423886,47.89862604180355,72.7600966825739,859,3.865226779748913,0,1.1459333557798104,0
28.643946334131755,85.28381975445143,27.64919488858981,97.77309057732336,860,3.954749999352003,1,2.4323687959080753,0
34.4058460417026,63.92553006823562,39.34392852696201,75.48050628088123,861,3.37758900274772,0,0.4648027967406854,0
30.96851177000553,71.48646618527826,44.4193832559402,72.10661494280326,862,3.467564181010222,0,1.1164446287947047,0
37.09501040266012,71.34790976441771,36.48853925081788,79.92955014519445,863,3.2546650414782827,0,1.0624919703609137,0
37.59175534619104,51.01174421409456,45.40679755221474,77.84390421431978,864,3.5211892155666256,0,1.5952329124481772,0
32.77442261903123,75.43472194302522,44.04303653850884,76.28142117721335,865,3.700350186523017,0,0.8745890590164785,0
33.22459688012803,51.70006409571461,40.46095764430558,72.71538378319657,866,3.132668011235213,0,1.5256252017959522,0
34.57173078144981,73.26036963473325,37.807071007763845,83.19524670782955,867,3.586724481559028,0,0.6547033774125124,0
34.66891357997405,74.01364109462067,37.56659538858271,96.53617268492285,868,3.795097965719384,0,1.2196607202857321,0
35.31708854534566,56.27226855827841,44.67408668172955,81.39887232839128,869,3.877897954878184,0,1.063251974214777,0
38.0204090775327,61.71348569636332,48.14490251244531,89.9611821491113,870,4.061838363825167,0,1.3916171628064837,0
33.6461055450119,56.15436265211251,38.81346126485602,66.09778074846537,871,3.874461807698329,0,1.2154253867050222,0
32.40340551092309,63.28063175769012,44.29193351775742,81.57761439293769,872,4.102206198891919,0,0.6061135774956895,0
31.241361543970942,62.53572572651407,31.56486490698965,69.02631681028933,873,2.6822746969780344,0,1.740425879283666,0
32.53813992011616,71.23728425815472,39.076911346714,65.23075072468099,874,3.290415598515861,0,1.2847882088169358,0
33.9337460542524,75.48246996895686,41.84470533564549,72.60628592540964,875,3.4220972172455264,0,0.8794176726625669,0
37.589115727035576,76.16547048631965,37.45158291509083,91.91899334413571,876,3.472171910025418,0,1.2382243486203106,0
32.964777401927655,60.502655787373584,37.31746812605202,89.50015828669646,877,3.37750993183102,0,0.7238762132299307,0
34.447575903277794,63.32622501004378,38.66110221765557,82.430047220544,878,3.663623634412732,0,0.486440962595588,0
33.9671542078545,51.5324944622324,43.46096364163186,64.6729944011007,879,3.329903565168238,0,1.5425710127088608,0
36.37678654689617,58.55303946803049,41.063354907968126,78.03719348612063,880,3.783708954456898,0,0.8326045008679733,0
39.05386485174724,72.71881306477967,30.80884383337514,83.01700008901736,881,3.3489999878377192,0,1.8740233030318805,0
32.93826245415936,77.92466258838586,31.396499236824667,81.75536229578599,882,3.469097709340837,0,1.7701779861583384,0
33.02112111496356,55.12520902496063,38.965674110714126,61.56206416519254,883,2.999258846774372,0,1.57828491161791,0
31.97355807032899,73.23816578573202,33.33137358983504,87.59179342683862,884,3.114401314588314,1,1.4282639339443879,0
35.363782979252626,64.78875394432859,28.262475786373827,79.35922235851284,885,3.113161250024881,0,2.3239951660749556,0
37.69341465147207,67.24128927055685,39.50134911924184,85.3629090951719,886,3.5505558563300164,0,1.2753190673713972,0
35.167856370651926,58.52317184062683,39.3687607174129,58.03872178900053,887,2.9631795164655617,0,1.860154009313597,0
33.281415818425884,68.39248835571271,48.94168889104224,78.37876024520142,888,4.3293779407955935,0,1.3302542885277968,0
35.18130966138462,61.20928522343267,40.07489094143568,81.43048769878952,889,3.666040379580139,0,0.5639863904509645,0
36.217407161165816,64.88438183297377,43.914944923704645,88.49611988516213,890,4.070689122419164,0,0.7503655932754458,0
35.640964362394726,69.3702739840296,42.70628570043731,86.92857584237437,891,3.6930609558798206,0,0.5453492557433846,0
35.014548062214594,65.05137815848751,31.347167600964,85.82571318808806,892,3.0298702698833764,0,1.7788954408567383,0
36.13334937917831,61.50891287578745,45.84103608315869,72.00059493298066,893,3.5968402541273425,0,0.782334076343174,0
36.33859118089134,64.12312156859335,43.07698252728144,60.91997862876693,894,3.324058509652497,0,1.6296520657209819,0
36.764317982075056,64.29309632635731,44.54134319837295,76.069472429386,895,3.507969427322147,0,0.9448786545861334,0
35.297419775179286,62.03991176094298,61.63118853218163,90.0163182520856,896,4.866942632168924,0,3.5726315447661934,1
33.66576383936629,62.929631498663184,31.579435302507058,93.93454527524432,897,3.116619271410202,0,1.737851126578941,0
34.293427372866645,77.78917736403774,50.62348324880554,87.10549102297786,898,4.046340224677194,0,1.6274462601712012,0
36.41301793301671,69.4873555835299,40.562762402998224,84.29340822801734,899,3.824058355035466,0,0.8199360764390587,0
24.74348941832448,107.9456862696666,29.34083385358386,106.73935456808502,900,3.4185761148476037,1,4.162324686450889,1
34.7373466177458,70.57563523608589,41.77243877349379,74.43881253239219,901,3.491649370067702,0,0.5481388014803629,0
41.10835690385439,101.495849167036,30.38668656416085,130.44877976042693,902,6.187516961699728,1,3.9326857221908527,1
38.216201588380784,113.42335055656804,35.47855299034109,147.04817167774377,903,4.529369935152151,1,5.260645120530119,1
36.5569037252146,67.95713753758476,43.647543677865045,70.57441994208124,904,3.493642896294469,0,0.8711101707328889,0
34.382198136039804,64.14158284796616,34.4141315166416,96.14778790709852,905,3.7687440509427113,0,1.2369284346933809,0
34.092873096312296,68.58173540648222,45.752895837608826,76.77971845507942,906,4.007959568287771,0,0.7667587039825865,0
31.28028771804016,52.432990783452006,39.91902797557373,93.25432109095078,907,3.7345343506817104,0,1.4515065395698332,0
35.49250713205444,55.98586024872156,36.34965330479821,65.93184990502462,908,2.890496106822902,0,1.2286999345992513,0
35.29096836228215,55.44859994880756,39.749935710020935,85.8590420116465,909,3.745336669684422,0,1.146547092912243,0
38.32650944661092,66.14354475810966,48.28574608431286,72.63229864052379,910,3.65896118843484,0,1.50048412535579,0
33.384443530094,78.86011999588074,39.323324564918885,65.84732808075813,911,3.1733066973898065,0,1.235461721504371,0
34.43830065532788,82.85040116954106,43.7922680910481,82.18534042410946,912,4.093992424568723,0,1.6245143011497094,0
34.49876736742151,70.10440881152606,38.34521862142263,90.09471788595968,913,3.879590700829264,0,0.7043412144948604,0
37.15490655952695,69.00675579955566,45.789609249618096,71.55058561406504,914,3.7205379716172255,0,1.0837945015734842,0
33.809408935226095,50.59153812677809,45.42753869395102,65.00984039541599,915,3.315284031735587,0,1.6377270848835077,0
34.55804305154068,60.65860960212783,51.24304416648206,79.08155235665045,916,4.1804821384358375,0,1.7369296401263832,0
35.21579301943308,58.69772998473409,41.122180272503925,79.12564671222819,917,3.838995475832935,0,0.8179723859316441,0
34.37321824631272,60.03321921399108,45.34327402378953,85.48319627554498,918,3.897968711084142,0,0.6943739240508677,0
33.10713277089894,63.65484945132168,42.49033769769472,89.49594571364489,919,4.175729944863966,0,0.6564391505126287,0
34.38817998579662,61.22327537842298,48.479358909315074,79.40584818727505,920,4.26675216725693,0,1.24855538272216,0
36.14726349971954,49.165601516993696,38.405838061956345,98.55503314794262,921,4.202666497488169,0,1.781927747384604,0
31.94696940117788,70.98328204894027,45.7250265643864,82.24234744535292,922,3.971616596444428,0,0.7684486083727174,0
34.26593934829375,56.418055794081546,41.02651351941659,76.535734939931,923,3.6968593212477145,0,1.0485089513884018,0
32.599758370121656,66.9139749128892,41.67905911445751,63.88432640897172,924,3.630474525269744,0,1.3925028066229774,0
25.29455963944378,94.70817837370402,29.390561358764828,118.04897434431956,925,4.065120028985855,1,3.13442956610319,1
30.95362619043245,57.64492326730861,43.261201982133386,76.63613054588863,926,3.565072150370725,0,1.1217388002417614,0
32.882156305456824,44.757699818029366,41.418854784390206,89.6030479628147,927,3.7621166942248,0,2.2276855327369782,0
34.75442375012904,62.71196622495911,43.07356591585263,84.62483624066854,928,3.88634177385946,0,0.41202479940892855,0
37.13104805846868,73.80767707998857,49.89059028781092,68.20630878367383,929,3.569232925090092,0,1.4979358339552167,0
33.86849947785402,80.66677963376475,46.92724842807609,81.72254386411038,930,3.950846510391714,0,1.4036912505666852,0
32.889600946613605,55.16360324438067,46.34577296248448,86.71531171729053,931,4.259800315582221,0,1.1753679488373892,0
37.76231413888118,68.97359378589218,39.72230236988064,95.28031359387832,932,3.415847478749731,0,1.2998237026909232,0
31.10397219916751,61.27751634575957,37.55379585885838,88.8750396741406,933,3.933126728776309,0,1.0682670799962526,0
29.60238808675984,64.15241316556691,46.77650279118876,87.60846654311477,934,4.271493195029964,0,1.6023170774607898,0
34.880028900106666,86.15474677613628,46.38023396264897,80.60085994615163,935,3.83027568488832,0,1.9586727920209577,0
32.995891551294775,52.97623737283877,49.36335337875491,83.8831200542345,936,4.2444671511097445,0,1.4047671443337806,0
31.95753436573857,67.0299172919566,38.98009687015385,92.49504900706158,937,3.779110712687576,0,0.8963688675119679,0
35.4167128945987,68.74154537412346,40.852256723198266,66.6722260252035,938,3.607888301405733,0,1.1694694861590393,0
48.1336749169675,109.4496509687546,15.429832680815238,100.37101861065622,939,-0.5465175728305085,1,4.988478338467362,1
32.871842738526546,65.78386522776717,40.03764446969564,72.27431251243759,940,3.1560727564821973,0,0.7212998521093104,0
31.43939120265821,67.46440431603281,46.98285255289724,83.79153118726124,941,4.116819646109504,0,0.9841058841329291,0
35.74491465656029,61.86681146062567,39.66752310385901,92.30222175650788,942,3.770845873028856,0,0.8809425940132635,0
35.30040235591732,67.15301552996085,45.20239897600412,74.03025713278926,943,3.744287582000438,0,0.669479719231209,0
33.801648272441234,62.25446179602071,41.04748447001094,56.09695632530562,944,3.026695452537109,0,2.0154961874926802,0
37.69327399209533,69.97257511884841,43.6202851411078,75.8777925497553,945,4.0112647819537095,0,1.2752690407767024,0
31.85983046734769,62.04311731165093,36.26154305092166,89.13473732017407,946,3.7823825676035567,0,0.910470045904608,0
30.94894965815052,68.01680315121749,42.4260472481695,85.3762990294988,947,3.650363606785363,0,1.1234020450994213,0
24.90632319584869,97.54047901190204,15.16815314804268,110.25328160346692,948,8.141269803916131,1,4.637909197393283,1
33.90882796728901,74.00840200617735,41.06551920919008,77.2000669812552,949,3.5192310535619287,0,0.7303496318072393,0
34.48667889864539,64.58885021129211,33.8476337814243,67.20969263780214,950,3.118609282059065,0,1.3370349537119497,0
33.51752788428734,50.81574025434495,48.02997258273408,85.15294321624468,951,4.147773941093716,0,1.6150542008945168,0
34.70411079302859,75.09537200571194,45.88703676382256,71.65718189965375,952,3.9710809332075656,0,0.8402716248160336,0
31.496921151619112,57.75414159309905,44.333354909830405,101.84096733380456,953,4.386440248119974,0,1.6440468631837315,0
36.88752920814652,59.76986929080944,49.6050311357969,85.70507208354516,954,4.359391511529865,0,1.4474743212166834,0
33.835697643214864,60.23470964765206,37.25541739587581,74.1935169744605,955,3.410369265837237,0,0.7348412748962728,0
36.23459166317625,75.99550474536653,50.73681598957779,73.88614752611372,956,3.714358087327204,0,1.6474734296799936,0
34.68545069275541,47.91460628817043,46.66095782130192,79.07055793386412,957,3.868464836585444,0,1.9084371164156027,0
34.913506438307564,90.10198826927996,40.81722356390527,77.60498077978251,958,3.795843677389572,0,2.3578454021198025,0
35.139534560464405,73.44845447252841,47.67810073591472,91.16833775529956,959,4.1855718605921535,0,1.1069640548353537,0
34.89541712003463,66.78591131303328,36.46853243794183,81.86416169744047,960,3.552373758370304,0,0.8738926940102912,0
35.285445519735084,64.56084799506971,37.87742919236163,72.68368261091472,961,3.2709409935897984,0,0.6885500458284762,0
36.65830506026487,67.28443259886126,38.9570513838015,98.90440685155782,962,3.6933952859102135,0,1.4091206013895836,0
34.39304233940294,69.16897942703471,39.355111459679925,80.49308331520223,963,3.549018003084789,0,0.36380172669621774,0
35.418007515177024,70.16172468760045,36.71721178619874,87.68839675968897,964,3.6372579379584766,0,0.8299482572399375,0
33.820528611425544,69.44483572802758,48.11541533547663,73.91773492555241,965,3.751193207506847,0,1.1842424613612845,0
36.88023443089895,65.716645450042,40.70572799815084,83.63115627744523,966,3.631964932176124,0,0.9861052356940273,0
32.64721539588146,63.42129263754139,43.7625248417844,83.11109991143195,967,3.648927745879477,0,0.5194007071556664,0
37.601880865821634,63.789813730771904,39.1482431679316,61.10350707903847,968,3.3673124748319525,0,1.6149697007515467,0
33.919684098711315,63.44073375717855,32.896983497257416,100.1527511046064,969,3.588209886424506,0,1.5089887466479204,0
31.138449795763904,74.07016077493651,43.35028679195711,92.90644460922547,970,4.287578838765241,0,1.0560048562401931,0
34.25620882982158,69.7484537782469,32.43872512290112,76.02804683854012,971,3.445684674725824,0,1.5860049542112016,0
32.63789668505024,41.47689092268576,41.65682976957266,68.97730259544144,972,3.432557314293616,0,2.559463827088766,0
35.681287097977446,70.24720621223808,35.15842480583595,83.47561613803552,973,3.208930945563264,0,1.105403442309173,0
41.0824155873209,105.81519850603884,37.57528151990689,113.46930943793924,974,5.552393145811758,1,3.9468748937619607,1
21.948174573571727,98.88288544871396,34.87847670570958,107.97128729678366,975,7.24171303726289,1,4.3245972837669076,1
30.22091853810894,61.89185237528891,42.5287689563574,81.9157739619409,976,3.452196147458045,0,1.3823319409338233,0
33.09538736150185,73.99290175988811,48.31853338827335,85.06240989305925,977,4.383822666382172,0,1.220135704972418,0
29.152241346742088,72.58021169698286,37.76842011267132,94.47305699391806,978,3.752569476424738,0,1.7624152453747322,0
30.832194353028555,58.81697865741113,44.71739689335047,85.68103205128646,979,3.995733334041936,0,1.1649269719344417,0
35.5208293122886,68.25641829699629,42.999052168593565,69.50344501090059,980,3.08072901373778,0,0.9429705951429911,0
35.571600317301666,57.22674612366971,43.32010040666835,93.62562852712452,981,3.783208301859439,0,0.9868157770563604,0
34.850915123569926,53.96305468168856,48.36176750053384,96.40614563488288,982,4.515118091777907,0,1.2967757988897954,0
32.066047713741575,59.98626220328028,45.66246051389901,111.52056734512084,983,4.551549672211301,0,2.4184195553413663,0
33.90457728771604,71.89914777906208,43.44361831412512,68.76505966760402,984,3.517086826198377,0,1.0020417804677813,0
33.99279492181886,72.6250003630087,33.72556281885852,82.42882013150275,985,3.447750964511194,0,1.3586062652565911,0
31.68327062161492,69.10468336077834,37.199768523602685,59.17901296811013,986,3.347560952985649,0,1.7689301623386822,0
41.25345587437839,85.868756447191,32.651676968240764,131.320689663178,987,-3.306752048618704,1,6.267258460537377,1
35.75472458115134,69.12942629691966,42.46686187138326,74.51799701833227,988,3.6100297486559088,0,0.5858089569592712,0
33.55807165234067,59.86814723821638,36.34898137663038,99.23445794824951,989,3.8362383280661776,0,1.4355248490853485,0
34.05377167798906,68.45538035739152,54.058383377892106,72.25385029981418,990,4.625880385165797,0,2.2344317319972955,0
34.4167656158951,71.40327620182146,49.58197027626787,63.10816962032739,991,3.3172229971771854,0,1.4545957258816526,0
29.91653026315142,71.03433063850859,45.01059160196242,75.2873625929748,992,3.852086737546893,0,1.4905899839738828,0
33.505645234958806,74.51130697179714,42.36018430641872,60.24512228782862,993,3.295007663675284,0,1.6836409000675556,0
32.6360315040044,70.66643077760851,40.938955150494245,87.5109945450731,994,3.896882308703054,0,0.5233783447580055,0
31.996759980210168,67.81158566033267,37.24040769988882,59.3491695374368,995,2.897496864746334,0,1.7553175543255661,0
33.43779941422809,73.56120190653142,42.38740259259431,80.28457581183159,996,3.7096466338369374,0,0.6851256364367514,0
37.59537305369904,64.78782992600752,43.28876270071376,59.22188180143803,997,3.4552041564205567,0,1.7655006348959186,0
35.28168572253402,57.94500279017826,35.79119712259188,76.79702195463358,998,3.935265478205694,0,0.9935854595992276,0
32.857642020434405,63.69546428844989,43.67088208622449,96.43378155804534,999,4.262403393556889,0,1.2114693805113104,0
35.145165562712315,59.04077884154841,41.223704755876255,83.60647891435795,1000,3.5522500408477464,0,0.7832808911741399,0
